Day,Treatment,Period,Organism,Length.Size,Lenght.Width,Weight.with.shell,Weight.without.shell,Landscape,Cross,Time.to.cross,Camera.position,Walked.,Video,cover,Resistance,pattern
1,250ppb,AM,D1AME1,"2,008","1,504","27,608",NA,25,0,NA,6,0,117,75,"1,678,899",one
1,250ppb,AM,D1AME2,"2,1","1,489","26,303",NA,40,0,NA,4,1,117,60,"7,221,471",one
1,250ppb,AM,D1AME3,"2,033","1,584","26,863",NA,55,0,NA,1,1,117,45,"3,146,754",one
1,250ppb,AM,D1AME4,"2,278","1,587","326,024",NA,70,1,"32,49",3,0,117,30,"1,569,519",one
1,250ppb,AM,D1AME5,"2,173","1,608","324,535",NA,85,0,NA,2,0,117,15,"118,061",one
1,250ppb,AM,D1AME6,"2,303","1,517","29,783",NA,100,0,NA,5,1,117,0,"0,9376074",one
1,250ppb,PM,D1PME1,"2,299","1,533","286,136",NA,25,0,NA,6,1,118,75,"1,678,899",one
1,250ppb,PM,D1PME2,"2,131","1,458","285,004",NA,40,0,NA,4,1,118,60,"7,221,471",one
1,250ppb,PM,D1PME3,"2,245","1,481","253,678",NA,85,1,"35,32",2,1,118,15,"118,061",one
1,250ppb,PM,D1PME4,"2,034","1,433","201,259",NA,100,1,"65,2",5,1,118,0,"0,9376074",one
1,250ppb,PM,D1PME5,"1,987","1,391","16,663",NA,55,0,NA,1,1,118,45,"3,146,754",one
1,250ppb,PM,D1PME6,"2,216","1,425","22,556",NA,70,0,NA,4,1,118,30,"1,569,519",one
2,250ppb,AM,D2AME1,"2,252","1,524","28,754",NA,55,0,NA,1,1,119,45,"3,146,754",one
2,250ppb,AM,D2AME2,"2,449","1,614","36,976",NA,40,0,NA,4,1,119,60,"7,221,471",one
2,250ppb,AM,D2AME3,"2,285","1,539","31,077",NA,100,0,NA,2,1,119,0,"0,9376074",one
2,250ppb,AM,D2AME4,"2,333","1,552","32,113",NA,85,1,"9,35",3,1,119,15,"118,061",one
2,250ppb,AM,D2AME5,"2,362","1,584","344,265",NA,70,1,"39,11",5,1,119,30,"1,569,519",one
2,250ppb,AM,D2AME6,"2,295","1,571","348,941",NA,25,0,NA,6,1,119,75,"1,678,899",one
2,250ppb,PM,D2PME1,"2,333","1,491","303,898",NA,25,0,NA,6,1,120,75,"1,678,899",one
2,250ppb,PM,D2PME2,"2,189","1,441","272,096",NA,100,1,"19,28",2,1,120,0,"0,9376074",one
2,250ppb,PM,D2PME3,"2,024","1,462","243,832",NA,70,1,"22,74",5,1,120,30,"1,569,519",one
2,250ppb,PM,D2PME4,"2,017","1,442","248,701",NA,85,1,NA,3,1,120,15,"118,061",one
2,250ppb,PM,D2PME5,"2,11","1,541","272,547",NA,40,0,NA,1,1,120,60,"7,221,471",one
2,250ppb,PM,D2PME6,"2,322","1,564","313,272",NA,55,0,NA,4,1,120,45,"3,146,754",one
3,250ppb,AM,D3AME1,"2,454","1,572","34,786",NA,70,0,NA,5,1,121,30,"1,569,519",one
3,250ppb,AM,D3AME2,"2,461","1,631","34,195",NA,25,0,NA,6,1,121,75,"1,678,899",one
3,250ppb,AM,D3AME3,"2,207","1,55","258,934",NA,40,0,NA,1,1,121,60,"7,221,471",one
3,250ppb,AM,D3AME4,"2,077","1,43","233,864",NA,85,1,NA,3,1,121,15,"118,061",one
3,250ppb,AM,D3AME5,"2,068","1,451","230,599",NA,55,0,NA,4,1,121,45,"3,146,754",one
3,250ppb,AM,D3AME6,"2,509","1,544","36,045",NA,100,1,"20,13",2,1,121,0,"0,9376074",one
4,250ppb,AM,D4AME1,"2,285","1,708","34,885",NA,40,0,NA,4,0,122,60,"7,221,471",one
4,250ppb,AM,D4AME2,"2,285","1,547","293,621",NA,70,0,NA,2,1,122,30,"1,569,519",one
4,250ppb,AM,D4AME3,"2,057","1,436","24,158",NA,100,0,NA,1,1,122,0,"0,9376074",one
4,250ppb,AM,D4AME4,"2,479","1,474","335,544",NA,25,0,NA,3,0,122,75,"1,678,899",one
4,250ppb,AM,D4AME5,"2,354","1,639","33,955",NA,55,0,NA,5,0,122,45,"3,146,754",one
4,250ppb,AM,D4AME6,"2,252","1,529","30,237",NA,85,0,NA,6,0,122,15,"118,061",one
4,250ppb,PM,D4PME1,"2,373","1,622","337,329",NA,40,0,NA,5,1,123,60,"7,221,471",one
4,250ppb,PM,D4PME2,"2,371","1,555","287,842",NA,25,0,NA,3,1,123,75,"1,678,899",one
4,250ppb,PM,D4PME3,"2,213","1,494","267,233",NA,100,0,NA,1,0,123,0,"0,9376074",one
4,250ppb,PM,D4PME4,"2,002","1,475","2,299",NA,85,0,NA,6,1,123,15,"118,061",one
4,250ppb,PM,D4PME5,"2,263","1,514","2,378",NA,70,1,"16,2",2,1,123,30,"1,569,519",one
4,250ppb,PM,D4PME6,"2,163","1,503","23,384",NA,55,0,NA,5,1,123,45,"3,146,754",one
5,250ppb,AM,D5AME1,"2,319","1,636","31,861",NA,85,0,NA,2,1,124,15,"118,061",one
5,250ppb,AM,D5AME2,"2,119","1,54","245,159",NA,70,0,NA,3,1,124,30,"1,569,519",one
5,250ppb,AM,D5AME3,"2,386","1,633","331,889",NA,25,0,NA,6,1,124,75,"1,678,899",one
5,250ppb,AM,D5AME4,"2,29","1,609","289,726",NA,100,0,NA,4,1,124,0,"0,9376074",one
5,250ppb,AM,D5AME5,"2,207","1,497","289,946",NA,55,0,NA,1,1,124,45,"3,146,754",one
5,250ppb,AM,D5AME6,"2,347","1,587","304,463",NA,40,0,NA,5,1,124,60,"7,221,471",one
5,250ppb,PM,D5PME1,"2,181","1,493","239,651",NA,70,0,NA,3,0,125,30,"1,569,519",one
5,250ppb,PM,D5PME2,"2,207","1,501","250,328",NA,25,0,NA,6,1,125,75,"1,678,899",one
5,250ppb,PM,D5PME3,"2,051","1,369","19,057",NA,85,0,NA,2,1,125,15,"118,061",one
5,250ppb,PM,D5PME4,"2,349","1,586","300,555",NA,55,0,NA,1,1,125,45,"3,146,754",one
5,250ppb,PM,D5PME5,"2,117","1,526","242,085",NA,100,0,NA,4,1,125,0,"0,9376074",one
5,250ppb,PM,D5PME6,"1,995","1,475","222,429",NA,40,0,NA,5,1,125,60,"7,221,471",one
6,250ppb,AM,D6AME1,"2,055","1,504","27,381",NA,85,0,NA,5,1,126,15,"118,061",one
6,250ppb,AM,D6AME2,"2,148","1,51","284,012",NA,55,0,NA,2,0,126,45,"3,146,754",one
6,250ppb,AM,D6AME3,"2,15","1,57","253,091",NA,25,0,NA,1,1,126,75,"1,678,899",one
6,250ppb,AM,D6AME4,"2,333","1,637","323,997",NA,70,0,NA,4,1,126,30,"1,569,519",one
6,250ppb,AM,D6AME5,"2,368","1,556","3,405",NA,100,1,"29,2",6,1,126,0,"0,9376074",one
6,250ppb,AM,D6AME6,"2,162","1,416","24,992",NA,40,0,NA,3,1,126,60,"7,221,471",one
6,250ppb,PM,D6PME1,"2,304","1,615","29,506",NA,70,0,NA,4,1,127,30,"1,569,519",one
6,250ppb,PM,D6PME2,"2,202","1,568","28,476",NA,40,0,NA,3,1,127,60,"7,221,471",one
6,250ppb,PM,D6PME3,"2,164","1,462","26,029",NA,100,0,NA,6,0,127,0,"0,9376074",one
6,250ppb,PM,D6PME4,"2,324","1,583","31,227",NA,55,0,NA,2,1,127,45,"3,146,754",one
6,250ppb,PM,D6PME5,"2,143","1,465","248,709",NA,85,0,NA,5,1,127,15,"118,061",one
6,250ppb,PM,D6PME6,"2,105","1,437","234,925",NA,25,0,NA,1,0,127,75,"1,678,899",one
7,250ppb,AM,D7AME1,"2,028","1,5","22,878",NA,85,0,NA,2,0,128,15,"118,061",one
7,250ppb,AM,D7AME2,"2,272","1,454","285,482",NA,100,0,NA,5,1,128,0,"0,9376074",one
7,250ppb,AM,D7AME3,"2,154","1,578","28,001",NA,40,0,NA,6,0,128,60,"7,221,471",one
7,250ppb,AM,D7AME4,"2,335","1,646","337,665",NA,25,0,NA,1,0,128,75,"1,678,899",one
7,250ppb,AM,D7AME5,"2,224","1,566","272,078",NA,55,0,NA,3,0,128,45,"3,146,754",one
7,250ppb,AM,D7AME6,"2,123","1,506","267,874",NA,70,0,NA,4,1,128,30,"1,569,519",one
8,250ppb,AM,D8AME1,"2,232","1,498","2,77",NA,25,0,NA,3,0,130,75,"1,678,899",one
8,250ppb,AM,D8AME2,"2,337","1,569","315,403",NA,55,0,NA,4,0,130,45,"3,146,754",one
8,250ppb,AM,D8AME3,"2,199","1,537","295,409",NA,85,0,NA,6,1,130,15,"118,061",one
8,250ppb,AM,D8AME4,"2,229","1,534","270,713",NA,70,0,NA,5,1,130,30,"1,569,519",one
8,250ppb,AM,D8AME5,"2,263","1,593","29,948",NA,40,0,NA,2,0,130,60,"7,221,471",one
8,250ppb,AM,D8AME6,"2,105","1,54","24,792",NA,100,1,"10,37",1,1,130,0,"0,9376074",one
8,Control,PM,D8PMC1,"2,177","1,544","260,459",NA,40,1,"48,07",2,1,131,60,"7,221,471",one
8,Control,PM,D8PMC2,"2,218","1,552","286,039",NA,70,0,NA,5,1,131,30,"1,569,519",one
8,Control,PM,D8PMC3,"2,177","1,453","243,751",NA,55,0,NA,4,1,131,45,"3,146,754",one
8,Control,PM,D8PMC4,"2,046","1,497","19,837",NA,25,0,NA,3,1,131,75,"1,678,899",one
8,Control,PM,D8PMC5,"2,181","1,567","238,489",NA,100,1,"24,55",1,1,131,0,"0,9376074",one
8,Control,PM,D8PMC6,"2,33","1,563","294,588",NA,85,1,"67,5",6,1,131,15,"118,061",one
9,250ppb,AM,D9AME1,"2,16","1,544","270,349",NA,100,1,"39,53",1,1,132,0,"0,9376074",one
9,250ppb,AM,D9AME2,"2,256","1,484","268,899",NA,40,0,NA,4,1,132,60,"7,221,471",one
9,250ppb,AM,D9AME3,"2,092","1,452","21,841",NA,55,0,NA,5,1,132,45,"3,146,754",one
9,250ppb,AM,D9AME4,"2,207","1,519","27,104",NA,85,1,"41,12",3,1,132,15,"118,061",one
9,250ppb,AM,D9AME5,"2,362","1,603","28,048",NA,25,0,NA,6,1,132,75,"1,678,899",one
9,250ppb,AM,D9AME6,"2,249","1,616","29,564",NA,70,0,NA,2,0,132,30,"1,569,519",one
9,Control,PM,D9PMC1,"2,298","1,556","277,305",NA,100,1,"32,07",1,1,133,0,"0,9376074",one
9,Control,PM,D9PMC2,"2,158","1,512","247,852",NA,40,0,NA,4,1,133,60,"7,221,471",one
9,Control,PM,D9PMC3,"2,089","1,435","2,43",NA,85,1,"17,45",3,1,133,15,"118,061",one
9,Control,PM,D9PMC4,"2,056","1,412","200,281",NA,55,0,NA,5,1,133,45,"3,146,754",one
9,Control,PM,D9PMC5,"2,158","1,563","262,533",NA,25,0,NA,6,1,133,75,"1,678,899",one
9,Control,PM,D9PMC6,"2,09","1,537","251,428",NA,70,0,NA,2,1,133,30,"1,569,519",one
10,250ppb,AM,D10AME1,"2,021","1,463","215,796",NA,85,1,"32,22",5,1,134,15,"118,061",one
10,250ppb,AM,D10AME2,"2,179","1,595","282,182",NA,70,0,NA,3,0,134,30,"1,569,519",one
10,250ppb,AM,D10AME3,"2,264","1,546","31,889",NA,55,0,NA,1,1,134,45,"3,146,754",one
10,250ppb,AM,D10AME4,"2,121","1,548","264,658",NA,100,1,"5,35",6,1,134,0,"0,9376074",one
10,250ppb,AM,D10AME5,"2,179","1,491","260,071",NA,40,0,NA,2,1,134,60,"7,221,471",one
10,250ppb,AM,D10AME6,"2,044","1,513","241,078",NA,25,0,NA,4,1,134,75,"1,678,899",one
10,Control,PM,D10PMC1,"2,391","1,577","30,661",NA,70,0,NA,3,1,135,30,"1,569,519",one
10,Control,PM,D10PMC2,"22,294","1,514","306,113",NA,100,1,"13,43",6,1,135,0,"0,9376074",one
10,Control,PM,D10PMC3,"2,159","1,517","280,779",NA,85,1,"16,14",5,1,135,15,"118,061",one
10,Control,PM,D10PMC4,"2,109","1,526","25,725",NA,25,0,NA,4,1,135,75,"1,678,899",one
10,Control,PM,D10PMC5,"2,038","1,464","237,645",NA,55,0,NA,1,1,135,45,"3,146,754",one
10,Control,PM,D10PMC6,"2,323","1,643","327,971",NA,40,0,NA,2,1,135,60,"7,221,471",one
11,250ppb,AM,D11AME1,"2,252","1,589","285,681",NA,25,0,NA,4,1,136,75,"1,678,899",one
11,250ppb,AM,D11AME2,"2,358","1,585","320,924",NA,100,1,"14,5",1,1,136,0,"0,9376074",one
11,250ppb,AM,D11AME3,"2,091","1,538","261,019",NA,70,0,NA,2,0,136,30,"1,569,519",one
11,250ppb,AM,D11AME4,"2,25","1,542","291,024",NA,55,0,NA,3,1,136,45,"3,146,754",one
11,250ppb,AM,D11AME5,"2,059","1,535","241,274",NA,40,0,NA,6,1,136,60,"7,221,471",one
11,250ppb,AM,D11AME6,"2,164","1,567","26,232",NA,85,0,NA,5,1,136,15,"118,061",one
11,Control,PM,D11PMC1,"2,386","1,589","346,314",NA,55,0,NA,3,1,137,45,"3,146,754",one
11,Control,PM,D11PMC2,"2,186","1,585","296,211",NA,70,0,NA,2,1,137,30,"1,569,519",one
11,Control,PM,D11PMC3,"2,32","1,538","300,909",NA,85,1,"55,4",5,1,137,15,"118,061",one
11,Control,PM,D11PMC4,"2,35","1,542","309,632",NA,25,0,NA,4,1,137,75,"1,678,899",one
11,Control,PM,D11PMC5,"2,17","1,535","273,887",NA,100,1,NA,1,1,137,0,"0,9376074",one
11,Control,PM,D11PMC6,"2,157","1,567","259,497",NA,40,0,NA,6,1,137,60,"7,221,471",one
12,Control,AM,D12AMC1,"2,246","1,552","296,473",NA,70,0,NA,5,1,138,30,"1,569,519",one
12,Control,AM,D12AMC2,"2,302","1,537","29,368",NA,55,0,NA,6,1,138,45,"3,146,754",one
12,Control,AM,D12AMC3,"2,241","1,533","268,016",NA,40,0,NA,4,1,138,60,"7,221,471",one
12,Control,AM,D12AMC4,"2,106","1,531","24,938",NA,25,0,NA,3,1,138,75,"1,678,899",one
12,Control,AM,D12AMC5,"2,175","1,535","247,434",NA,85,1,"64,5",1,1,138,15,"118,061",one
12,Control,AM,D12AMC6,"2,268","1,613","307,568",NA,100,1,"27,13",2,1,138,0,"0,9376074",one
12,Control,PM,D12PMC1,"2,035","1,422","204,102",NA,70,1,"17,13",5,1,139,30,"1,569,519",one
12,Control,PM,D12PMC2,"2,013","1,393","201,145",NA,100,1,"38,18",2,1,139,0,"0,9376074",one
12,Control,PM,D12PMC3,"2,076","1,473","228,722",NA,25,0,NA,3,1,139,75,"1,678,899",one
12,Control,PM,D12PMC4,"2,193","1,531","315,357",NA,55,0,NA,6,1,139,45,"3,146,754",one
12,Control,PM,D12PMC5,"2,169","1,465","243,421",NA,40,0,NA,4,1,139,60,"7,221,471",one
12,Control,PM,D12PMC6,"2,084","1,384","22,547",NA,85,1,"12,6",1,1,139,15,"118,061",one
13,Control,AM,D13AMC1,"2,151","1,53","280,671",NA,85,1,"59,51",2,1,140,15,"118,061",one
13,Control,AM,D13AMC2,"2,018","1,5","246,334",NA,25,0,NA,6,1,140,75,"1,678,899",one
13,Control,AM,D13AMC3,"2,338","1,595","336,959",NA,40,1,"22,23",3,1,140,60,"7,221,471",one
13,Control,AM,D13AMC4,"2,179","1,516","264,926",NA,100,1,"13,53",5,1,140,0,"0,9376074",one
13,Control,AM,D13AMC5,"2,189","1,574","296,336",NA,70,0,NA,1,1,140,30,"1,569,519",one
13,Control,AM,D13AMC6,"2,116","1,415","24,427",NA,55,0,NA,4,1,140,45,"3,146,754",one
13,Control,PM,D13PMC1,"2,042","1,471","272,652",NA,85,1,"30,29",2,1,141,15,"118,061",one
13,Control,PM,D13PMC2,"2,321","1,58","313,066",NA,25,0,NA,6,1,141,75,"1,678,899",one
13,Control,PM,D13PMC3,"2,144","1,507","257,429",NA,40,0,NA,3,1,141,60,"7,221,471",one
13,Control,PM,D13PMC4,"2,312","1,624","305,963",NA,100,1,80,5,1,141,0,"0,9376074",one
13,Control,PM,D13PMC5,"2,228","1,568","290,506",NA,70,1,NA,1,1,141,30,"1,569,519",one
13,Control,PM,D13PMC6,"2,251","1,52","28,511",NA,55,0,NA,4,1,141,45,"3,146,754",one
14,Control,AM,D14AMC1,"2,264","1,684","309,625",NA,55,0,NA,5,1,142,45,"3,146,754",one
14,Control,AM,D14AMC2,"2,145","1,485","279,879",NA,100,1,"7,5",2,1,142,0,"0,9376074",one
14,Control,AM,D14AMC3,"2,249","1,531","29,086",NA,70,1,"41,5",1,1,142,30,"1,569,519",one
14,Control,AM,D14AMC4,"2,139","1,461","2,561,145",NA,85,1,"34,11",4,1,142,15,"118,061",one
14,Control,AM,D14AMC5,"2,138","1,477","246,905",NA,40,0,NA,3,1,142,60,"7,221,471",one
14,Control,AM,D14AMC6,"2,294","1,614","31,164",NA,25,0,NA,6,1,142,75,"1,678,899",one
14,Control,PM,D14PMC1,"2,211","1,548","27,345",NA,85,1,"11,14",4,1,143,15,"118,061",one
14,Control,PM,D14PMC2,"2,203","1,651","318,001",NA,70,0,NA,1,1,143,30,"1,569,519",one
14,Control,PM,D14PMC3,"2,202","1,579","314,871",NA,100,1,"31,27",2,1,143,0,"0,9376074",one
14,Control,PM,D14PMC4,"2,251","1,486","269,083",NA,25,0,NA,6,1,143,75,"1,678,899",one
14,Control,PM,D14PMC5,"2,368","1,691","35,263",NA,55,0,NA,5,1,143,45,"3,146,754",one
14,Control,PM,D14PMC6,"2,196","1,532","28,673",NA,40,0,NA,3,1,143,60,"7,221,471",one
15,Control,AM,D15AMC1,"2,091","1,437","223,994",NA,100,1,"14,1",6,1,144,0,"0,9376074",one
15,Control,AM,D15AMC2,"2,119","1,451","227,734",NA,55,0,NA,5,1,144,45,"3,146,754",one
15,Control,AM,D15AMC3,"2,163","1,514","267,046",NA,25,0,NA,1,1,144,75,"1,678,899",one
15,Control,AM,D15AMC4,"2,044","1,437","233,206",NA,40,0,NA,3,1,144,60,"7,221,471",one
15,Control,AM,D15AMC5,"2,015","1,462","218,731",NA,70,1,"11,43",4,1,144,30,"1,569,519",one
15,Control,AM,D15AMC6,"2,236","1,576","274,381",NA,85,1,"15,54",2,1,144,15,"118,061",one
15,Control,PM,D15PMC1,"2,325","1,549","286,552",NA,85,1,"17,19",2,1,145,15,"118,061",one
15,Control,PM,D15PMC2,"2,171","1,594","270,076",NA,70,0,NA,4,1,145,30,"1,569,519",one
15,Control,PM,D15PMC3,"2,369","1,589","331,362",NA,25,0,NA,1,1,145,75,"1,678,899",one
15,Control,PM,D15PMC4,"2,232","1,559","284,069",NA,100,1,"39,1",6,1,145,0,"0,9376074",one
15,Control,PM,D15PMC5,"2,242","1,545","295,436",NA,55,0,NA,4,1,145,45,"3,146,754",one
15,Control,PM,D15PMC6,"2,364","1,535","28,168",NA,40,0,NA,3,1,145,60,"7,221,471",one
16,Control,AM,D16AMC1,"2,217","1,5","252,487",NA,100,1,"6,3",5,1,146,0,"0,9376074",one
16,Control,AM,D16AMC2,"2,148","1,496","235,721",NA,70,1,"15,32",2,1,146,30,"1,569,519",one
16,Control,AM,D16AMC3,"2,291","1,643","279,828",NA,40,0,NA,3,1,146,60,"7,221,471",one
16,Control,AM,D16AMC4,"2,068","1,484","239,551",NA,25,0,NA,6,1,146,75,"1,678,899",one
16,Control,AM,D16AMC5,"2,093","1,461","229,812",NA,55,0,NA,4,1,146,45,"3,146,754",one
16,Control,AM,D16AMC6,"2,373","1,617","313,789",NA,85,0,NA,1,1,146,15,"118,061",one
16,Control,PM,D16PMC1,"2,099","1,444","233,789",NA,70,0,NA,2,1,147,30,"1,569,519",one
16,Control,PM,D16PMC2,"2,18","1,555","268,628",NA,55,0,NA,4,1,147,45,"3,146,754",one
16,Control,PM,D16PMC3,"2,015","1,488","20,781",NA,25,0,NA,6,1,147,75,"1,678,899",one
16,Control,PM,D16PMC4,"2,216","1,555","270,915",NA,40,0,NA,3,1,147,60,"7,221,471",one
16,Control,PM,D16PMC5,"2,119","1,564","25,232",NA,85,1,"23,28",1,1,147,15,"118,061",one
16,Control,PM,D16PMC6,"2,18","1,605","266,446",NA,100,1,"19,5",5,1,147,0,"0,9376074",one
17,Control,AM,D17AMC1,"2,315","1,552","307,416",NA,55,1,"123,31",1,1,148,45,"3,146,754",one
17,Control,AM,D17AMC2,"2,29","1,556","284,109",NA,25,0,NA,3,1,148,75,"1,678,899",one
17,Control,AM,D17AMC3,"2,192","1,513","274,852",NA,85,1,"12,13",4,1,148,15,"118,061",one
17,Control,AM,D17AMC4,"2,26","1,563","295,425",NA,100,1,"5,32",5,1,148,0,"0,9376074",one
17,Control,AM,D17AMC5,"2,263","1,594","290,329",NA,70,0,NA,2,1,148,30,"1,569,519",one
17,Control,AM,D17AMC6,"2,325","1,654","319,689",NA,40,0,NA,6,1,148,60,"7,221,471",one
17,Control,PM,D17PMC1,"2,106","1,446","235,756",NA,100,1,"11,22",5,1,149,0,"0,9376074",one
17,Control,PM,D17PMC2,"2,252","1,606","308,679",NA,85,0,NA,4,1,149,15,"118,061",one
17,Control,PM,D17PMC3,"2,143","1,454","253,389",NA,70,1,"30,57",2,1,149,30,"1,569,519",one
17,Control,PM,D17PMC4,"2,114","1,513","257,759",NA,55,0,NA,1,1,149,45,"3,146,754",one
17,Control,PM,D17PMC5,"2,213","1,535","279,189",NA,40,0,NA,6,1,149,60,"7,221,471",one
17,Control,PM,D17PMC6,"2,374","1,514","305,781",NA,25,0,NA,3,1,149,75,"1,678,899",one
1,100ppb,PM,D1PME1,"1,99","1,421","230,537",NA,55,0,NA,NA,NA,NA,45,"3,146,754",one
1,100ppb,PM,D1PME2,"2,073","1,465","2,162",NA,100,1,NA,NA,NA,NA,0,"0,9376074",one
1,100ppb,PM,D1PME3,"2,087","1,444","236,368",NA,70,0,NA,NA,NA,NA,30,"1,569,519",one
1,100ppb,PM,D1PME4,"2,07","1,474","216,256",NA,25,0,NA,NA,NA,NA,75,"1,678,899",one
1,100ppb,PM,D1PME5,"2,133","1,506","273,346",NA,85,1,NA,NA,NA,NA,15,"118,061",one
1,100ppb,PM,D1PME6,"2,137","1,532","2,705,223",NA,40,0,NA,NA,NA,NA,60,"7,221,471",one
2,100ppb,AM,D2AME1,"2,052","1,483","247,103",NA,40,0,NA,NA,NA,NA,60,"7,221,471",one
2,100ppb,AM,D2AME2,"2,164","1,546","304,251",NA,70,0,NA,NA,NA,NA,30,"1,569,519",one
2,100ppb,AM,D2AME3,"2,069","1,454","257,021",NA,85,0,NA,NA,NA,NA,15,"118,061",one
2,100ppb,AM,D2AME4,"2,022","1,461","246,362",NA,25,0,NA,NA,NA,NA,75,"1,678,899",one
2,100ppb,AM,D2AME5,"1,961","1,442","224,322",NA,100,1,NA,NA,NA,NA,0,"0,9376074",one
2,100ppb,AM,D2AME6,"2,206","1,549","295,805",NA,55,0,NA,NA,NA,NA,45,"3,146,754",one
2,100ppb,AM2,D2AM2E1,"2,191","1,434","2,46",NA,25,0,NA,NA,NA,NA,75,"1,678,899",one
2,100ppb,AM2,D2AM2E2,"2,136","1,503","265,063",NA,40,0,NA,NA,NA,NA,60,"7,221,471",one
2,100ppb,AM2,D2AM2E3,"1,984","1,436","209,318",NA,55,0,NA,NA,NA,NA,45,"3,146,754",one
2,100ppb,AM2,D2AM2E4,"2,233","1,458","280,023",NA,85,1,NA,NA,NA,NA,15,"118,061",one
2,100ppb,AM2,D2AM2E5,"2,075","1,456","239,495",NA,100,1,NA,NA,NA,NA,0,"0,9376074",one
2,100ppb,AM2,D2AM2E6,"2,272","1,48","260,603",NA,70,0,NA,NA,NA,NA,30,"1,569,519",one
2,100ppb,PM,D2PME1,"2,153","1,456","241,536",NA,100,1,NA,NA,NA,NA,0,"0,9376074",one
2,100ppb,PM,D2PME2,"2,067","1,492","226,289",NA,70,0,NA,NA,NA,NA,30,"1,569,519",one
2,100ppb,PM,D2PME3,"2,144","1,538","276,186",NA,55,0,NA,NA,NA,NA,45,"3,146,754",one
2,100ppb,PM,D2PME4,"2,058","1,503","238,863",NA,25,0,NA,NA,NA,NA,75,"1,678,899",one
2,100ppb,PM,D2PME5,"2,086","1,488","242,673",NA,40,0,NA,NA,NA,NA,60,"7,221,471",one
2,100ppb,PM,D2PME6,"2,061","1,5","235,319",NA,85,1,NA,NA,NA,NA,15,"118,061",one
3,100ppb,AM,D3AME1,"1,923","1,384","18,528",NA,40,0,NA,NA,NA,NA,60,"7,221,471",one
3,100ppb,AM,D3AME2,"1,952","1,376","192,184",NA,100,1,NA,NA,NA,NA,0,"0,9376074",one
3,100ppb,AM,D3AME3,"2,153","1,431","234,486",NA,25,0,NA,NA,NA,NA,75,"1,678,899",one
3,100ppb,AM,D3AME4,"1,946","1,417","208,425",NA,70,0,NA,NA,NA,NA,30,"1,569,519",one
3,100ppb,AM,D3AME5,"1,974","1,405","213,501",NA,55,0,NA,NA,NA,NA,45,"3,146,754",one
3,100ppb,AM,D3AME6,"1,954","1,381","210,682",NA,85,0,NA,NA,NA,NA,15,"118,061",one
3,100ppb,AM2,D3AM2E1,"2,191","1,512","271,782",NA,55,0,NA,NA,NA,NA,45,"3,146,754",one
3,100ppb,AM2,D3AM2E2,"2,176","1,521","265,339",NA,40,0,NA,NA,NA,NA,60,"7,221,471",one
3,100ppb,AM2,D3AM2E3,"2,058","1,534","250,513",NA,25,0,NA,NA,NA,NA,75,"1,678,899",one
3,100ppb,AM2,D3AM2E4,"2,094","1,409","225,346",NA,100,1,NA,NA,NA,NA,0,"0,9376074",one
3,100ppb,AM2,D3AM2E5,"1,999","1,387","213,246",NA,85,0,NA,NA,NA,NA,15,"118,061",one
3,100ppb,AM2,D3AM2E6,"2,019","1,408","20,957",NA,70,0,NA,NA,NA,NA,30,"1,569,519",one
3,100ppb,PM,D3PME1,"2,155","1,517","25,891",NA,25,0,NA,NA,NA,NA,75,"1,678,899",one
3,100ppb,PM,D3PME2,"2,09","1,511","232,871",NA,70,0,NA,NA,NA,NA,30,"1,569,519",one
3,100ppb,PM,D3PME3,"2,106","1,532","267,826",NA,100,1,NA,NA,NA,NA,0,"0,9376074",one
3,100ppb,PM,D3PME4,"2,26","1,583","302,025",NA,85,0,NA,NA,NA,NA,15,"118,061",one
3,100ppb,PM,D3PME5,"2,142","1,543","251,367",NA,55,0,NA,NA,NA,NA,45,"3,146,754",one
3,100ppb,PM,D3PME6,"2,189","1,548","275,568",NA,40,0,NA,NA,NA,NA,60,"7,221,471",one
4,100ppb,AM,D4AME1,"2,113","1,556","252,579",NA,40,0,NA,NA,NA,NA,60,"7,221,471",one
4,100ppb,AM,D4AME2,"2,094","1,463","230,615",NA,100,1,NA,NA,NA,NA,0,"0,9376074",one
4,100ppb,AM,D4AME3,"2,124","1,552","258,518",NA,55,0,NA,NA,NA,NA,45,"3,146,754",one
4,100ppb,AM,D4AME4,"2,065","1,598","270,916",NA,25,0,NA,NA,NA,NA,75,"1,678,899",one
4,100ppb,AM,D4AME5,"2,212","1,574","269,535",NA,70,0,NA,NA,NA,NA,30,"1,569,519",one
4,100ppb,AM,D4AME6,"1,936","1,452","197,823",NA,85,0,NA,NA,NA,NA,15,"118,061",one
4,100ppb,AM2,D4AM2E1,"2,214","1,569","306,579",NA,100,1,NA,NA,NA,NA,0,"0,9376074",one
4,100ppb,AM2,D4AM2E2,"2,22","1,379","237,042",NA,25,0,NA,NA,NA,NA,75,"1,678,899",one
4,100ppb,AM2,D4AM2E3,"2,319","1,569","313,038",NA,70,0,NA,NA,NA,NA,30,"1,569,519",one
4,100ppb,AM2,D4AM2E4,"2,24","1,609","318,093",NA,55,0,NA,NA,NA,NA,45,"3,146,754",one
4,100ppb,AM2,D4AM2E5,"2,146","1,559","257,428",NA,40,0,NA,NA,NA,NA,60,"7,221,471",one
4,100ppb,AM2,D4AM2E6,"2,109","1,511","244,498",NA,85,1,NA,NA,NA,NA,15,"118,061",one
4,100ppb,PM,D4PME1,"2,179","1,555","307,382",NA,25,0,NA,NA,NA,NA,75,"1,678,899",one
4,100ppb,PM,D4PME2,"2,195","1,605","287,713",NA,70,0,NA,NA,NA,NA,30,"1,569,519",one
4,100ppb,PM,D4PME3,"2,03","1,447","229,505",NA,100,1,NA,NA,NA,NA,0,"0,9376074",one
4,100ppb,PM,D4PME4,"2,185","1,543","271,735",NA,40,0,NA,NA,NA,NA,60,"7,221,471",one
4,100ppb,PM,D4PME5,"2,082","1,475","232,778",NA,55,0,NA,NA,NA,NA,45,"3,146,754",one
4,100ppb,PM,D4PME6,"2,058","1,492","221,787",NA,85,0,NA,NA,NA,NA,15,"118,061",one
5,100ppb,AM,D5AME1,"2,218","1,564","288,932",NA,55,0,NA,NA,NA,NA,45,"3,146,754",one
5,100ppb,AM,D5AME2,"2,145","1,556","270,654",NA,85,1,NA,NA,NA,NA,15,"118,061",one
5,100ppb,AM,D5AME3,"2,238","1,586","26,532",NA,40,0,NA,NA,NA,NA,60,"7,221,471",one
5,100ppb,AM,D5AME4,"2,117","1,577","273,113",NA,100,1,NA,NA,NA,NA,0,"0,9376074",one
5,100ppb,AM,D5AME5,"2,21","1,602","293,201",NA,25,0,NA,NA,NA,NA,75,"1,678,899",one
5,100ppb,AM,D5AME6,"2,116","1,517","252,767",NA,70,0,NA,NA,NA,NA,30,"1,569,519",one
5,100ppb,AM2,D5AM2E1,"2,19","1,533","277,859",NA,70,1,NA,NA,NA,NA,30,"1,569,519",one
5,100ppb,AM2,D5AM2E2,"2,066","1,528","241,386",NA,25,0,NA,NA,NA,NA,75,"1,678,899",one
5,100ppb,AM2,D5AM2E3,"2,192","1,539","27,046",NA,55,0,NA,NA,NA,NA,45,"3,146,754",one
5,100ppb,AM2,D5AM2E4,"2,05","1,515","256,159",NA,40,0,NA,NA,NA,NA,60,"7,221,471",one
5,100ppb,AM2,D5AM2E5,"2,096","1,506","246,025",NA,100,0,NA,NA,NA,NA,0,"0,9376074",one
5,100ppb,AM2,D5AM2E6,"2,127","1,551","267,371",NA,85,1,NA,NA,NA,NA,15,"118,061",one
5,100ppb,PM,D5PME1,"2,123","1,494","263,091",NA,40,0,NA,NA,NA,NA,60,"7,221,471",one
5,100ppb,PM,D5PME2,"2,129","1,425","242,431",NA,70,1,NA,NA,NA,NA,30,"1,569,519",one
5,100ppb,PM,D5PME3,"2,195","1,562","25,483",NA,25,0,NA,NA,NA,NA,75,"1,678,899",one
5,100ppb,PM,D5PME4,"2,146","1,574","23,637",NA,85,1,NA,NA,NA,NA,15,"118,061",one
5,100ppb,PM,D5PME5,"2,084","1,517","23,323",NA,100,1,NA,NA,NA,NA,0,"0,9376074",one
5,100ppb,PM,D5PME6,"2,16","1,56","259,376",NA,55,0,NA,NA,NA,NA,45,"3,146,754",one
1,Control,AM,D1AMC1,"2,101","1,506","240,211","0,42962",55,0,NA,NA,NA,NA,45,"2,543,307",two
1,Control,AM,D1AMC2,"2,375","1,706","374,093","0,68929",100,1,NA,NA,NA,NA,0,"0,9376074",two
1,Control,AM,D1AMC3,"2,257","1,568","2,947","0,56236",70,0,NA,NA,NA,NA,30,"1,692,289",two
1,Control,AM,D1AMC4,"2,151","1,523","24,844","0,42941",25,0,NA,NA,NA,NA,75,"1,280,121",two
1,Control,AM,D1AMC5,"2,167","1,573","290,224","0,54814",40,0,NA,NA,NA,NA,60,"9,579,434",two
1,Control,AM,D1AMC6,"2,071","1,493","251,759","0,47807",85,0,NA,NA,NA,NA,15,"151,013",two
1,250ppb,AM2,D1AM2E1,"2,032","1,443","201,989",NA,70,0,NA,NA,NA,NA,30,"1,692,289",two
1,250ppb,AM2,D1AM2E2,"2,277","1,62","295,543",NA,55,0,NA,NA,NA,NA,45,"2,543,307",two
1,250ppb,AM2,D1AM2E3,"2,097","1,578","245,181",NA,85,0,NA,NA,NA,NA,15,"151,013",two
1,250ppb,AM2,D1AM2E4,"2,164","1,533","2,518",NA,100,1,NA,NA,NA,NA,0,"0,9376074",two
1,250ppb,AM2,D1AM2E5,"2,036","1,322","237,907",NA,25,0,NA,NA,NA,NA,75,"1,280,121",two
1,250ppb,AM2,D1AM2E6,"2,171","1,484","264,114",NA,40,0,NA,NA,NA,NA,60,"9,579,434",two
1,250ppb,PM,D1PME1,"2,105","1,561","274,795",NA,85,0,NA,NA,NA,NA,15,"151,013",two
1,250ppb,PM,D1PME2,"2,381","1,697","354,092",NA,70,0,NA,NA,NA,NA,30,"1,692,289",two
1,250ppb,PM,D1PME3,"2,052","1,469","219,721",NA,55,0,NA,NA,NA,NA,45,"2,543,307",two
1,250ppb,PM,D1PME4,"2,291","1,693","305,019",NA,100,0,NA,NA,NA,NA,0,"0,9376074",two
1,250ppb,PM,D1PME5,"2,193","1,559","267,801",NA,25,0,NA,NA,NA,NA,75,"1,280,121",two
1,250ppb,PM,D1PME6,"2,179","1,594","270,417",NA,40,0,NA,NA,NA,NA,60,"9,579,434",two
2,Control,AM,D2AMC1,"2,205","1,57","258,709",NA,55,0,NA,NA,NA,NA,45,"2,543,307",two
2,Control,AM,D2AMC2,"2,099","1,419","226,309",NA,85,1,NA,NA,NA,NA,15,"151,013",two
2,Control,AM,D2AMC3,"2,181","1,582","260,035",NA,40,0,NA,NA,NA,NA,60,"9,579,434",two
2,Control,AM,D2AMC4,"2,24","1,47","288,519",NA,100,1,NA,NA,NA,NA,0,"0,9376074",two
2,Control,AM,D2AMC5,"2,234","1,506","246,772",NA,70,1,NA,NA,NA,NA,30,"1,692,289",two
2,Control,AM,D2AMC6,"2,339","1,591","306,944",NA,25,0,NA,NA,NA,NA,75,"1,280,121",two
2,250ppb,AM2,D2AM2E1,"2,127","1,581","25,107",NA,40,0,NA,NA,NA,NA,60,"9,579,434",two
2,250ppb,AM2,D2AM2E2,"2,08","1,527","261,844",NA,70,0,NA,NA,NA,NA,30,"1,692,289",two
2,250ppb,AM2,D2AM2E3,"2,173","1,634","28,236",NA,100,0,NA,NA,NA,NA,0,"0,9376074",two
2,250ppb,AM2,D2AM2E4,"2,105","1,474","25,165",NA,55,0,NA,NA,NA,NA,45,"2,543,307",two
2,250ppb,AM2,D2AM2E5,"2,149","1,475","235,021",NA,85,0,NA,NA,NA,NA,15,"151,013",two
2,250ppb,AM2,D2AM2E6,"2,055","1,578","272,881",NA,25,0,NA,NA,NA,NA,75,"1,280,121",two
3,Control,AM,D3AMC1,"2,194","1,495","277,955",NA,55,0,NA,NA,NA,NA,45,"2,543,307",two
3,Control,AM,D3AMC2,"2,168","1,618","30,926",NA,70,0,NA,NA,NA,NA,30,"1,692,289",two
3,Control,AM,D3AMC3,"2,112","1,53","239,839",NA,40,0,NA,NA,NA,NA,60,"9,579,434",two
3,Control,AM,D3AMC4,"2,164","1,593","26,716",NA,25,0,NA,NA,NA,NA,75,"1,280,121",two
3,Control,AM,D3AMC5,"2,255","1,657","28,227",NA,85,1,NA,NA,NA,NA,15,"151,013",two
3,Control,AM,D3AMC6,"1,927","1,386","310,809",NA,100,1,NA,NA,NA,NA,0,"0,9376074",two
3,250ppb,AM2,D3AM2E1,"2,171","1,587","277,935",NA,40,0,NA,NA,NA,NA,60,"9,579,434",two
3,250ppb,AM2,D3AM2E2,"2,266","1,587","30,926",NA,70,0,NA,NA,NA,NA,30,"1,692,289",two
3,250ppb,AM2,D3AM2E3,"1,951","1,485","239,839",NA,100,0,NA,NA,NA,NA,0,"0,9376074",two
3,250ppb,AM2,D3AM2E4,"2,182","1,581","26,716",NA,85,0,NA,NA,NA,NA,15,"151,013",two
3,250ppb,AM2,D3AM2E5,"2,1","1,567","28,227",NA,25,0,NA,NA,NA,NA,75,"1,280,121",two
3,250ppb,AM2,D3AM2E6,"2,379","1,592","310,609",NA,55,0,NA,NA,NA,NA,45,"2,543,307",two
3,250ppb,PM,D3PME1,"2,181","1,602","291,261",NA,40,0,NA,NA,NA,NA,60,"9,579,434",two
3,250ppb,PM,D3PME2,"2,242","1,49","246,332",NA,70,0,NA,NA,NA,NA,30,"1,692,289",two
3,250ppb,PM,D3PME3,"2,173","1,564","271,002",NA,25,0,NA,NA,NA,NA,75,"1,280,121",two
3,250ppb,PM,D3PME4,"2,119","1,384","223,115",NA,100,0,NA,NA,NA,NA,0,"0,9376074",two
3,250ppb,PM,D3PME5,"2,206","1,463","24,517",NA,55,0,NA,NA,NA,NA,45,"2,543,307",two
3,250ppb,PM,D3PME6,"2,093","1,626","281,174",NA,85,0,NA,NA,NA,NA,15,"151,013",two
4,Control,AM,D4AMC1,"2,117","1,486","246,287",NA,55,0,NA,NA,NA,NA,45,"2,543,307",two
4,Control,AM,D4AMC2,"2,14","1,488","249,001",NA,25,0,NA,NA,NA,NA,75,"1,280,121",two
4,Control,AM,D4AMC3,"2,221","1,601","30,518",NA,40,0,NA,NA,NA,NA,60,"9,579,434",two
4,Control,AM,D4AMC4,"2,26","1,577","308,189",NA,85,1,NA,NA,NA,NA,15,"151,013",two
4,Control,AM,D4AMC5,"2,12","1,632","265,701",NA,100,1,NA,NA,NA,NA,0,"0,9376074",two
4,Control,AM,D4AMC6,"2,135","1,565","251,829",NA,70,0,NA,NA,NA,NA,30,"1,692,289",two
4,250ppb,AM2,D4AM2E1,"2,271","1,635","313,352",NA,70,0,NA,NA,NA,NA,30,"1,692,289",two
4,250ppb,AM2,D4AM2E2,"2,327","1,517","280,583",NA,25,0,NA,NA,NA,NA,75,"1,280,121",two
4,250ppb,AM2,D4AM2E3,"2,298","1,592","299,627",NA,100,0,NA,NA,NA,NA,0,"0,9376074",two
4,250ppb,AM2,D4AM2E4,"2,231","1,506","25,873",NA,40,0,NA,NA,NA,NA,60,"9,579,434",two
4,250ppb,AM2,D4AM2E5,"2,29","1,64","28,121",NA,85,0,NA,NA,NA,NA,15,"151,013",two
4,250ppb,AM2,D4AM2E6,"2,216","1,603","316,884",NA,55,0,NA,NA,NA,NA,45,"2,543,307",two
4,250ppb,PM,D4PME1,"2,213","1,562","266,924",NA,70,0,NA,NA,NA,NA,30,"1,692,289",two
4,250ppb,PM,D4PME2,"2,115","1,572","259,001",NA,25,0,NA,NA,NA,NA,75,"1,280,121",two
4,250ppb,PM,D4PME3,"2,349","1,562","30,242",NA,40,0,NA,NA,NA,NA,60,"9,579,434",two
4,250ppb,PM,D4PME4,"2,172","1,548","248,083",NA,100,0,NA,NA,NA,NA,0,"0,9376074",two
4,250ppb,PM,D4PME5,"2,29","1,57","310,165",NA,55,0,NA,NA,NA,NA,45,"2,543,307",two
4,250ppb,PM,D4PME6,"2,049","1,409","245,126",NA,85,0,NA,NA,NA,NA,15,"151,013",two
5,Control,AM,D5AMC1,"2,27","1,494","272,251",NA,70,0,NA,NA,NA,NA,30,"1,692,289",two
5,Control,AM,D5AMC2,"2,181","1,59","26,644",NA,55,0,NA,NA,NA,NA,45,"2,543,307",two
5,Control,AM,D5AMC3,"2,158","1,591","285,789",NA,100,1,NA,NA,NA,NA,0,"0,9376074",two
5,Control,AM,D5AMC4,"2,202","1,592","270,313",NA,40,0,NA,NA,NA,NA,60,"9,579,434",two
5,Control,AM,D5AMC5,"2,205","1,581","276,701",NA,25,0,NA,NA,NA,NA,75,"1,280,121",two
5,Control,AM,D5AMC6,"1,983","1,372","19,663",NA,85,1,NA,NA,NA,NA,15,"151,013",two
5,250ppb,AM2,D5AM2E1,"2,261","1,449","262,621",NA,70,1,NA,NA,NA,NA,30,"1,692,289",two
5,250ppb,AM2,D5AM2E2,"2,172","1,554","259,816",NA,85,0,NA,NA,NA,NA,15,"151,013",two
5,250ppb,AM2,D5AM2E3,"2,12","1,514","278,513",NA,40,0,NA,NA,NA,NA,60,"9,579,434",two
5,250ppb,AM2,D5AM2E4,"2,203","1,576","294,176",NA,55,0,NA,NA,NA,NA,45,"2,543,307",two
5,250ppb,AM2,D5AM2E5,"2,187","1,582","288,939",NA,25,0,NA,NA,NA,NA,75,"1,280,121",two
5,250ppb,AM2,D5AM2E6,"2,116","1,477","249,201",NA,100,0,NA,NA,NA,NA,0,"0,9376074",two
5,250ppb,PM,D5PME1,"2,271","1,559","29,665",NA,70,0,NA,NA,NA,NA,30,"1,692,289",two
5,250ppb,PM,D5PME2,"2,234","1,461","251,405",NA,25,0,NA,NA,NA,NA,75,"1,280,121",two
5,250ppb,PM,D5PME3,"2,103","1,595","286,933",NA,40,0,NA,NA,NA,NA,60,"9,579,434",two
5,250ppb,PM,D5PME4,"2,289","1,555","27,786",NA,55,0,NA,NA,NA,NA,45,"2,543,307",two
5,250ppb,PM,D5PME5,"2,195","1,545","280,488",NA,85,0,NA,NA,NA,NA,15,"151,013",two
5,250ppb,PM,D5PME6,"2,085","1,473","241,363",NA,100,0,NA,NA,NA,NA,0,"0,9376074",two
6,Control,AM,D6AMC1,"2,11","1,514","251,352",NA,55,0,NA,NA,NA,NA,45,"2,543,307",two
6,Control,AM,D6AMC2,"2,355","1,546","303,286",NA,70,1,NA,NA,NA,NA,30,"1,692,289",two
6,Control,AM,D6AMC3,"2,07","1,501","265,138",NA,100,1,NA,NA,NA,NA,0,"0,9376074",two
6,Control,AM,D6AMC4,"2,034","1,416","210,454",NA,25,0,NA,NA,NA,NA,75,"1,280,121",two
6,Control,AM,D6AMC5,"2,149","1,572","269,603",NA,85,1,NA,NA,NA,NA,15,"151,013",two
6,Control,AM,D6AMC6,"2,096","1,514","242,974",NA,40,0,NA,NA,NA,NA,60,"9,579,434",two
6,250ppb,AM2,D6AM2E1,"2,269","1,562","274,051",NA,85,0,NA,NA,NA,NA,15,"151,013",two
6,250ppb,AM2,D6AM2E2,"2,221","1,464","251,417",NA,55,0,NA,NA,NA,NA,45,"2,543,307",two
6,250ppb,AM2,D6AM2E3,"2,33","1,498","273,472",NA,70,0,NA,NA,NA,NA,30,"1,692,289",two
6,250ppb,AM2,D6AM2E5,"2,262","1,492","270,871",NA,100,0,NA,NA,NA,NA,0,"0,9376074",two
6,250ppb,AM2,D6AM2E6,"2,174","1,548","266,152",NA,40,0,NA,NA,NA,NA,60,"9,579,434",two
6,250ppb,PM,D6PME1,"1,922","1,413","205,802",NA,70,0,NA,NA,NA,NA,30,"1,692,289",two
6,250ppb,PM,D6PME2,"2,263","1,572","282,374",NA,55,0,NA,NA,NA,NA,45,"2,543,307",two
6,250ppb,PM,D6PME3,"2,234","1,478","255,484",NA,100,0,NA,NA,NA,NA,0,"0,9376074",two
6,250ppb,PM,D6PME4,"2,059","1,474","237,441",NA,25,0,NA,NA,NA,NA,75,"1,280,121",two
6,250ppb,PM,D6PME5,"2,091","1,474","249,452",NA,85,0,NA,NA,NA,NA,15,"151,013",two
6,250ppb,PM,D6PME6,"2,295","1,528","254,232",NA,40,0,NA,NA,NA,NA,60,"9,579,434",two
7,Control,AM,D7AMC1,"2,075","1,467","21,241",NA,70,1,NA,NA,NA,NA,30,"1,692,289",two
7,Control,AM,D7AMC2,"1,957","1,453","1,735",NA,40,0,NA,NA,NA,NA,60,"9,579,434",two
7,Control,AM,D7AMC3,"2,146","1,502","24,482",NA,25,0,NA,NA,NA,NA,75,"1,280,121",two
7,Control,AM,D7AMC4,"2,172","1,526","260,805",NA,55,0,NA,NA,NA,NA,45,"2,543,307",two
7,Control,AM,D7AMC5,"2,241","1,556","279,528",NA,100,1,NA,NA,NA,NA,0,"0,9376074",two
7,Control,AM,D7AMC6,"2,074","1,507","245,374",NA,85,0,NA,NA,NA,NA,15,"151,013",two
7,250ppb,AM2,D7AM2E1,"2,074","1,503","229,779",NA,85,0,NA,NA,NA,NA,15,"151,013",two
7,250ppb,AM2,D7AM2E2,"2,166","1,561","260,341",NA,55,0,NA,NA,NA,NA,45,"2,543,307",two
7,250ppb,AM2,D7AM2E3,"2,135","1,563","24,601",NA,25,0,NA,NA,NA,NA,75,"1,280,121",two
7,250ppb,AM2,D7AM2E4,"2,131","1,469","241,599",NA,100,0,NA,NA,NA,NA,0,"0,9376074",two
7,250ppb,AM2,D7AM2E5,"2,035","1,543","240,587",NA,70,0,NA,NA,NA,NA,30,"1,692,289",two
7,250ppb,AM2,D7AM2E6,"2,256","1,756","319,249",NA,40,0,NA,NA,NA,NA,60,"9,579,434",two
7,250ppb,PM,D7PME1,"2,36","1,625","320,245",NA,100,0,NA,NA,NA,NA,0,"0,9376074",two
7,250ppb,PM,D7PME2,"2,185","1,597","309,538",NA,40,0,NA,NA,NA,NA,60,"9,579,434",two
7,250ppb,PM,D7PME3,"2,199","1,591","266,054",NA,70,0,NA,NA,NA,NA,30,"1,692,289",two
7,250ppb,PM,D7PME4,"2,235","1,6","286,824",NA,55,0,NA,NA,NA,NA,45,"2,543,307",two
7,250ppb,PM,D7PME5,"2,118","1,477","256,766",NA,85,0,NA,NA,NA,NA,15,"151,013",two
7,250ppb,PM,D7PME6,"2,239","1,504","286,673",NA,25,0,NA,NA,NA,NA,75,"1,280,121",two
8,Control,AM,D8AMC1,"2,143","1,592","283,367",NA,40,0,NA,NA,NA,NA,60,"9,579,434",two
8,Control,AM,D8AMC2,"2,029","1,514","210,898",NA,100,1,NA,NA,NA,NA,0,"0,9376074",two
8,Control,AM,D8AMC3,"2,266","1,658","294,159",NA,70,1,NA,NA,NA,NA,30,"1,692,289",two
8,Control,AM,D8AMC4,"2,262","1,651","30,995",NA,85,1,NA,NA,NA,NA,15,"151,013",two
8,Control,AM,D8AMC5,"2,272","1,581","326,152",NA,55,0,NA,NA,NA,NA,45,"2,543,307",two
8,Control,AM,D8AMC6,"2,252","1,586","27,085",NA,25,0,NA,NA,NA,NA,75,"1,280,121",two
9,Control,AM,D9AMC1,"2,174","1,558","281,899",NA,25,0,NA,NA,NA,NA,75,"1,280,121",two
9,Control,AM,D9AMC2,"2,335","1,619","309,382",NA,55,0,NA,NA,NA,NA,45,"2,543,307",two
9,Control,AM,D9AMC3,"2,255","1,632","321,578",NA,70,0,NA,NA,NA,NA,30,"1,692,289",two
9,Control,AM,D9AMC4,"2,145","1,552","269,001",NA,40,0,NA,NA,NA,NA,60,"9,579,434",two
9,Control,AM,D9AMC5,"2,173","1,456","243,746",NA,100,1,NA,NA,NA,NA,0,"0,9376074",two
9,Control,AM,D9AMC6,"2,254","1,626","294,271",NA,85,1,NA,NA,NA,NA,15,"151,013",two
10,Control,AM,D10AMC1,"2,178","1,588","274,678",NA,25,0,NA,NA,NA,NA,75,"1,280,121",two
10,Control,AM,D10AMC2,"2,138","1,593","276,317",NA,70,1,NA,NA,NA,NA,30,"1,692,289",two
10,Control,AM,D10AMC3,"2,022","1,578","257,976",NA,55,0,NA,NA,NA,NA,45,"2,543,307",two
10,Control,AM,D10AMC4,"2,032","1,619","252,023",NA,100,0,NA,NA,NA,NA,0,"0,9376074",two
10,Control,AM,D10AMC5,"2,267","1,641","300,161",NA,85,1,NA,NA,NA,NA,15,"151,013",two
10,Control,AM,D10AMC6,"2,114","1,509","242,837",NA,40,0,NA,NA,NA,NA,60,"9,579,434",two
10,250ppb,AM2,D10AM2E1,"2,101","1,645","29,352",NA,85,0,NA,NA,NA,NA,15,"151,013",two
10,250ppb,AM2,D10AM2E2,"2,078","1,533","238,098",NA,55,0,NA,NA,NA,NA,45,"2,543,307",two
10,250ppb,AM2,D10AM2E3,"2,201","1,598","241,528",NA,70,0,NA,NA,NA,NA,30,"1,692,289",two
10,250ppb,AM2,D10AM2E4,"2,033","1,47","250,764",NA,40,0,NA,NA,NA,NA,60,"9,579,434",two
10,250ppb,AM2,D10AM2E5,"2,301","1,631","299,494",NA,25,0,NA,NA,NA,NA,75,"1,280,121",two
10,250ppb,AM2,D10AM2E6,"2,159","1,541","259,808",NA,100,0,NA,NA,NA,NA,0,"0,9376074",two
10,250ppb,PM,D10PME1,"2,355","1,542","291,801",NA,40,0,NA,NA,NA,NA,60,"9,579,434",two
10,250ppb,PM,D10PME2,"2,162","1,486","285,816",NA,85,0,NA,NA,NA,NA,15,"151,013",two
10,250ppb,PM,D10PME3,"2,238","1,558","280,834",NA,100,1,NA,NA,NA,NA,0,"0,9376074",two
10,250ppb,PM,D10PME4,"2,163","1,52","26,843",NA,55,0,NA,NA,NA,NA,45,"2,543,307",two
10,250ppb,PM,D10PME5,"1,93","1,418","194,849",NA,70,0,NA,NA,NA,NA,30,"1,692,289",two
10,250ppb,PM,D10PME6,"2,168","1,513","252,727",NA,25,0,NA,NA,NA,NA,75,"1,280,121",two
11,Control,AM,D11AMC1,"2,126","1,499","227,775",NA,100,1,NA,NA,NA,NA,0,"0,9376074",two
11,Control,AM,D11AMC2,"2,135","1,59","249,716",NA,85,0,NA,NA,NA,NA,15,"151,013",two
11,Control,AM,D11AMC3,"2,101","1,593","26,301",NA,40,0,NA,NA,NA,NA,60,"9,579,434",two
11,Control,AM,D11AMC4,"2,182","1,575","260,865",NA,70,0,NA,NA,NA,NA,30,"1,692,289",two
11,Control,AM,D11AMC5,"2,199","1,554","263,643",NA,55,0,NA,NA,NA,NA,45,"2,543,307",two
11,Control,AM,D11AMC6,"2,142","1,552","262,659",NA,25,0,NA,NA,NA,NA,75,"1,280,121",two
11,Control,AM2,D11AM2C1,"2,246","1,574","296,429",NA,70,0,NA,NA,NA,NA,30,"1,692,289",two
11,Control,AM2,D11AM2C2,"2,178","1,564","278,724",NA,100,1,NA,NA,NA,NA,0,"0,9376074",two
11,Control,AM2,D11AM2C3,"2,166","1,555","281,439",NA,55,0,NA,NA,NA,NA,45,"2,543,307",two
11,Control,AM2,D11AM2C4,"2,075","1,54","263,479",NA,40,0,NA,NA,NA,NA,60,"9,579,434",two
11,Control,AM2,D11AM2C5,"2,254","1,663","324,187",NA,25,0,NA,NA,NA,NA,75,"1,280,121",two
11,Control,AM2,D11AM2C6,"2,165","1,67","295,992",NA,85,1,NA,NA,NA,NA,15,"151,013",two
11,Control,PM,D11PMC1,"2,291","1,585","28,133",NA,70,1,NA,NA,NA,NA,30,"1,692,289",two
11,Control,PM,D11PMC2,"2,025","1,476","22,605",NA,40,0,NA,NA,NA,NA,60,"9,579,434",two
11,Control,PM,D11PMC3,"2,27","1,6","288,952",NA,55,0,NA,NA,NA,NA,45,"2,543,307",two
11,Control,PM,D11PMC4,"2,071","1,503","236,029",NA,85,1,NA,NA,NA,NA,15,"151,013",two
11,Control,PM,D11PMC5,"2,232","1,571","268,662",NA,25,0,NA,NA,NA,NA,75,"1,280,121",two
11,Control,PM,D11PMC6,"2,225","1,585","275,273",NA,100,1,NA,NA,NA,NA,0,"0,9376074",two
12,Control,AM,D12AMC1,"2,174","1,615","262,377",NA,100,1,NA,NA,NA,NA,0,"0,9376074",two
12,Control,AM,D12AMC2,"2,179","1,549","253,158",NA,85,1,NA,NA,NA,NA,15,"151,013",two
12,Control,AM,D12AMC3,"2,091","1,598","263,146",NA,40,0,NA,NA,NA,NA,60,"9,579,434",two
12,Control,AM,D12AMC4,"2,197","1,564","258,161",NA,55,0,NA,NA,NA,NA,45,"2,543,307",two
12,Control,AM,D12AMC5,"2,063","1,482","207,965",NA,25,0,NA,NA,NA,NA,75,"1,280,121",two
12,Control,AM,D12AMC6,"2,085","1,533","240,229",NA,70,0,NA,NA,NA,NA,30,"1,692,289",two
12,Control,AM2,D12AM2C1,"2,09","1,592","259,046",NA,85,1,NA,NA,NA,NA,15,"151,013",two
12,Control,AM2,D12AM2C2,"1,95","1,506","23,946",NA,70,0,NA,NA,NA,NA,30,"1,692,289",two
12,Control,AM2,D12AM2C3,"2,246","1,567","292,642",NA,100,1,NA,NA,NA,NA,0,"0,9376074",two
12,Control,AM2,D12AM2C4,"2,003","1,503","212,699",NA,40,0,NA,NA,NA,NA,60,"9,579,434",two
12,Control,AM2,D12AM2C5,"2,214","1,573","276,871",NA,55,1,NA,NA,NA,NA,45,"2,543,307",two
12,Control,AM2,D12AM2C6,"2,039","1,584","236,559",NA,25,0,NA,NA,NA,NA,75,"1,280,121",two
1,100ppb,AM2,D1AM2E1,"2,221","1,628","202,476",NA,55,0,NA,NA,NA,NA,45,"2,543,307",two
1,100ppb,AM2,D1AM2E2,"2,024","1,496","295,981",NA,25,0,NA,NA,NA,NA,75,"1,280,121",two
1,100ppb,AM2,D1AM2E3,"2,086","1,534","24,641",NA,85,0,NA,NA,NA,NA,15,"151,013",two
1,100ppb,AM2,D1AM2E4,"2,095","1,565","307,601",NA,70,0,NA,NA,NA,NA,30,"1,692,289",two
1,100ppb,AM2,D1AM2E5,"2,055","1,49","282,367",NA,40,0,NA,NA,NA,NA,60,"9,579,434",two
1,100ppb,AM2,D1AM2E6,"2,26","1,622","2,576",NA,100,0,NA,NA,NA,NA,0,"0,9376074",two
1,100ppb,PM,D1PME1,"2,243","1,508","261,028",NA,40,0,NA,NA,NA,NA,60,"9,579,434",two
1,100ppb,PM,D1PME2,"2,205","1,515","261,499",NA,100,1,NA,NA,NA,NA,0,"0,9376074",two
1,100ppb,PM,D1PME3,"2,144","1,504","24,617",NA,55,0,NA,NA,NA,NA,45,"2,543,307",two
1,100ppb,PM,D1PME4,"2,151","1,594","289,219",NA,85,1,NA,NA,NA,NA,15,"151,013",two
1,100ppb,PM,D1PME5,"2,03","1,536","241,603",NA,70,0,NA,NA,NA,NA,30,"1,692,289",two
1,100ppb,PM,D1PME6,"2,308","1,625","315,506",NA,25,0,NA,NA,NA,NA,75,"1,280,121",two
2,100ppb,AM,D2AM1,"2,227","1,584","280,835",NA,85,0,NA,NA,NA,NA,15,"151,013",two
2,100ppb,AM,D2AM2,"2,251","1,737","316,935",NA,40,0,NA,NA,NA,NA,60,"9,579,434",two
2,100ppb,AM,D2AM3,"2,063","1,495","241,215",NA,55,0,NA,NA,NA,NA,45,"2,543,307",two
2,100ppb,AM,D2AM4,"2,205","1,557","258,189",NA,70,0,NA,NA,NA,NA,30,"1,692,289",two
2,100ppb,AM,D2AM5,"2,169","1,572","261,242",NA,25,0,NA,NA,NA,NA,75,"1,280,121",two
2,100ppb,AM,D2AM6,"2,135","1,552","265,809",NA,100,1,NA,NA,NA,NA,0,"0,9376074",two
2,100ppb,AM2,D2AM2E1,"2,13","1,599","265,431",NA,70,0,NA,NA,NA,NA,30,"1,692,289",two
2,100ppb,AM2,D2AM2E2,"1,972","1,577","229,502",NA,85,1,NA,NA,NA,NA,15,"151,013",two
2,100ppb,AM2,D2AM2E3,"2,086","1,516","234,872",NA,100,0,NA,NA,NA,NA,0,"0,9376074",two
2,100ppb,AM2,D2AM2E4,"2,278","1,531","267,838",NA,40,0,NA,NA,NA,NA,60,"9,579,434",two
2,100ppb,AM2,D2AM2E5,"2,143","1,537","279,355",NA,55,0,NA,NA,NA,NA,45,"2,543,307",two
2,100ppb,AM2,D2AM2E6,"2,245","1,539","283,742",NA,25,0,NA,NA,NA,NA,75,"1,280,121",two
2,100ppb,PM,D2PME1,"2,15","1,532","257,509",NA,40,0,NA,NA,NA,NA,60,"9,579,434",two
2,100ppb,PM,D2PME2,"2,237","1,548","288,308",NA,70,0,NA,NA,NA,NA,30,"1,692,289",two
2,100ppb,PM,D2PME3,"2,041","1,541","257,438",NA,85,0,NA,NA,NA,NA,15,"151,013",two
2,100ppb,PM,D2PME4,"2,171","1,619","287,524",NA,25,1,NA,NA,NA,NA,75,"1,280,121",two
2,100ppb,PM,D2PME5,"2,098","1,558","25,882",NA,100,0,NA,NA,NA,NA,0,"0,9376074",two
2,100ppb,PM,D2PME6,"2,162","1,568","260,821",NA,55,0,NA,NA,NA,NA,45,"2,543,307",two
3,100ppb,AM,D3AM1,"2,246","1,616","265,802",NA,25,0,NA,NA,NA,NA,75,"1,280,121",two
3,100ppb,AM,D3AM2,"2,101","1,549","24,327",NA,85,1,NA,NA,NA,NA,15,"151,013",two
3,100ppb,AM,D3AM3,"2,215","1,61","275,463",NA,55,0,NA,NA,NA,NA,45,"2,543,307",two
3,100ppb,AM,D3AM4,"2,314","1,618","282,865",NA,100,1,NA,NA,NA,NA,0,"0,9376074",two
3,100ppb,AM,D3AM5,"2,308","1,665","303,226",NA,40,0,NA,NA,NA,NA,60,"9,579,434",two
3,100ppb,AM,D3AM6,"2,191","1,681","214,538",NA,70,1,NA,NA,NA,NA,30,"1,692,289",two
3,100ppb,AM2,D3AM2E1,"2,232","1,702","285,765",NA,55,0,NA,NA,NA,NA,45,"2,543,307",two
3,100ppb,AM2,D3AM2E2,"2,257","1,571","278,295",NA,70,1,NA,NA,NA,NA,30,"1,692,289",two
3,100ppb,AM2,D3AM2E3,"2,151","1,63","272,957",NA,100,1,NA,NA,NA,NA,0,"0,9376074",two
3,100ppb,AM2,D3AM2E4,"1,963","1,539","227,877",NA,40,0,NA,NA,NA,NA,60,"9,579,434",two
3,100ppb,AM2,D3AM2E5,"2,21","1,602","270,727",NA,85,1,NA,NA,NA,NA,15,"151,013",two
3,100ppb,AM2,D3AM2E6,"2,241","1,57","28,897",NA,25,0,NA,NA,NA,NA,75,"1,280,121",two
3,100ppb,PM,D3PME1,"2,092","1,549","235,414",NA,70,1,NA,NA,NA,NA,30,"1,692,289",two
3,100ppb,PM,D3PME2,"2,151","1,575","282,448",NA,55,0,NA,NA,NA,NA,45,"2,543,307",two
3,100ppb,PM,D3PME3,"2,203","1,538","263,133",NA,100,1,NA,NA,NA,NA,0,"0,9376074",two
3,100ppb,PM,D3PME4,"2,076","1,554","248,687",NA,85,0,NA,NA,NA,NA,15,"151,013",two
3,100ppb,PM,D3PME5,"2,245","1,642","28,637",NA,40,0,NA,NA,NA,NA,60,"9,579,434",two
3,100ppb,PM,D3PME6,"2,274","1,66","273,489",NA,25,0,NA,NA,NA,NA,75,"1,280,121",two
4,100ppb,AM,D4AME1,"2,032","1,58","259,841",NA,85,0,NA,NA,NA,NA,15,"151,013",two
4,100ppb,AM,D4AME2,"2,117","1,493","237,787",NA,70,0,NA,NA,NA,NA,30,"1,692,289",two
4,100ppb,AM,D4AME3,"2,202","1,571","256,938",NA,40,0,NA,NA,NA,NA,60,"9,579,434",two
4,100ppb,AM,D4AME4,"2,109","1,429","229,559",NA,55,0,NA,NA,NA,NA,45,"2,543,307",two
4,100ppb,AM,D4AME5,"2,119","1,566","257,669",NA,100,0,NA,NA,NA,NA,0,"0,9376074",two
4,100ppb,AM,D4AME6,"2,089","1,564","237,872",NA,25,0,NA,NA,NA,NA,75,"1,280,121",two
4,100ppb,AM2,D4AM2E1,"2,375","1,65","317,269",NA,25,0,NA,NA,NA,NA,75,"1,280,121",two
4,100ppb,AM2,D4AM2E2,"2,101","1,523","23,152",NA,55,0,NA,NA,NA,NA,45,"2,543,307",two
4,100ppb,AM2,D4AM2E3,"2,008","1,551","224,243",NA,40,0,NA,NA,NA,NA,60,"9,579,434",two
4,100ppb,AM2,D4AM2E4,"2,316","1,632","318,499",NA,85,0,NA,NA,NA,NA,15,"151,013",two
4,100ppb,AM2,D4AM2E5,"2,116","1,454","232,099",NA,70,0,NA,NA,NA,NA,30,"1,692,289",two
4,100ppb,AM2,D4AM2E6,"2,197","1,561","240,879",NA,100,0,NA,NA,NA,NA,0,"0,9376074",two
4,100ppb,PM,D4PME1,"2,295","1,569","272,239",NA,70,0,NA,NA,NA,NA,30,"1,692,289",two
4,100ppb,PM,D4PME2,"2,034","1,565","257,435",NA,40,0,NA,NA,NA,NA,60,"9,579,434",two
4,100ppb,PM,D4PME3,"2,158","1,593","243,289",NA,100,1,NA,NA,NA,NA,0,"0,9376074",two
4,100ppb,PM,D4PME4,"2,291","1,707","307,539",NA,55,0,NA,NA,NA,NA,45,"2,543,307",two
4,100ppb,PM,D4PME5,"2,213","1,537","235,916",NA,25,0,NA,NA,NA,NA,75,"1,280,121",two
4,100ppb,PM,D4PME6,"2,268","1,574","284,242",NA,85,1,NA,NA,NA,NA,15,"151,013",two
5,100ppb,AM,D5AME1,"2,182","1,586","235,248",NA,85,1,NA,NA,NA,NA,15,"151,013",two
5,100ppb,AM,D5AME2,"2,006","1,464","222,875",NA,100,1,NA,NA,NA,NA,0,"0,9376074",two
5,100ppb,AM,D5AME3,"2,151","1,579","276,768",NA,55,0,NA,NA,NA,NA,45,"2,543,307",two
5,100ppb,AM,D5AME4,"2,197","1,625","295,712",NA,70,0,NA,NA,NA,NA,30,"1,692,289",two
5,100ppb,AM,D5AME5,"1,994","1,435","203,815",NA,40,0,NA,NA,NA,NA,60,"9,579,434",two
5,100ppb,AM,D5AME6,"2,219","1,636","306,554",NA,25,0,NA,NA,NA,NA,75,"1,280,121",two
5,100ppb,AM2,D5AM2E1,"2,012","1,484","200,345",NA,55,0,NA,NA,NA,NA,45,"2,543,307",two
5,100ppb,AM2,D5AM2E2,"2,093","1,519","217,712",NA,100,0,NA,NA,NA,NA,0,"0,9376074",two
5,100ppb,AM2,D5AM2E3,"2,307","1,589","26,771",NA,85,1,NA,NA,NA,NA,15,"151,013",two
5,100ppb,AM2,D5AM2E4,"2,27","1,695","318,625",NA,25,0,NA,NA,NA,NA,75,"1,280,121",two
5,100ppb,AM2,D5AM2E5,"2,167","1,587","255,675",NA,70,0,NA,NA,NA,NA,30,"1,692,289",two
5,100ppb,AM2,D5AM2E6,"2,303","1,535","270,622",NA,40,0,NA,NA,NA,NA,60,"9,579,434",two
5,100ppb,PM,D5PME1,"2,047","1,523","226,411",NA,100,1,NA,NA,NA,NA,0,"0,9376074",two
5,100ppb,PM,D5PME2,"2,034","1,466","195,643",NA,40,0,NA,NA,NA,NA,60,"9,579,434",two
5,100ppb,PM,D5PME3,"2,18","1,444","255,337",NA,25,0,NA,NA,NA,NA,75,"1,280,121",two
5,100ppb,PM,D5PME4,"2,113","1,577","262,939",NA,85,0,NA,NA,NA,NA,15,"151,013",two
5,100ppb,PM,D5PME5,"2,251","1,611","275,473",NA,55,0,NA,NA,NA,NA,45,"2,543,307",two
5,100ppb,PM,D5PME6,"2,15","1,58","293,339",NA,70,1,NA,NA,NA,NA,30,"1,692,289",two
6,100ppb,AM,D6AME1,"2,043","1,439","202,476",NA,70,0,NA,NA,NA,NA,30,"1,692,289",two
6,100ppb,AM,D6AME2,"2,303","1,599","295,981",NA,85,0,NA,NA,NA,NA,15,"151,013",two
6,100ppb,AM,D6AME3,"2,072","1,53","24,641",NA,55,0,NA,NA,NA,NA,45,"2,543,307",two
6,100ppb,AM,D6AME4,"2,261","1,647","307,601",NA,100,0,NA,NA,NA,NA,0,"0,9376074",two
6,100ppb,AM,D6AME5,"2,248","1,633","282,367",NA,40,0,NA,NA,NA,NA,60,"9,579,434",two
6,100ppb,AM,D6AME6,"2,143","1,538","2,576",NA,25,0,NA,NA,NA,NA,75,"1,280,121",two
1,100ppb,AM,D1AM100E1,"2,039","1,444","204,502",NA,70,0,NA,NA,NA,NA,30,"1,433,571",three
1,100ppb,AM,D1AM100E2,"2,014","1,449","2,443",NA,40,0,NA,NA,NA,NA,60,"604,186",three
1,100ppb,AM,D1AM100E3,"2,005","1,44","218,288",NA,25,0,NA,NA,NA,NA,75,"1,911,429",three
1,100ppb,AM,D1AM100E4,"2,085","1,436","242,094",NA,55,0,NA,NA,NA,NA,45,"3,154,858",three
1,100ppb,AM,D1AM100E5,"2,221","1,517","284,687",NA,85,1,NA,NA,NA,NA,15,"123,367",three
1,100ppb,AM,D1AM100E6,"2,183","1,528","271,509",NA,100,1,NA,NA,NA,NA,0,"0,9376074",three
1,250ppb,AM2,D1AM2E1,"2,281","1,469","27,935",NA,100,0,NA,NA,NA,NA,0,"0,9376074",three
1,250ppb,AM2,D1AM2E2,"2,2","1,44","22,976",NA,85,0,NA,NA,NA,NA,15,"123,367",three
1,250ppb,AM2,D1AM2E3,"2,189","1,447","236,239",NA,70,0,NA,NA,NA,NA,30,"1,433,571",three
1,250ppb,AM2,D1AM2E4,"2,102","1,498","248,812",NA,25,0,NA,NA,NA,NA,75,"1,911,429",three
1,250ppb,AM2,D1AM2E5,"2,19","1,465","269,471",NA,55,0,NA,NA,NA,NA,45,"3,154,858",three
1,250ppb,AM2,D1AM2E6,"2,095","1,421","230,248",NA,40,0,NA,NA,NA,NA,60,"604,186",three
1,Control,PM,D1PMC1,"2,275","1,531","283,071",NA,85,1,NA,NA,NA,NA,15,"123,367",three
1,Control,PM,D1PMC2,"2,059","1,545","241,257",NA,100,1,NA,NA,NA,NA,0,"0,9376074",three
1,Control,PM,D1PMC3,"2,259","1,395","290,752",NA,70,0,NA,NA,NA,NA,30,"1,433,571",three
1,Control,PM,D1PMC4,"2,298","1,586","328,583",NA,25,0,NA,NA,NA,NA,75,"1,911,429",three
1,Control,PM,D1PMC5,"2,076","1,512","245,723",NA,55,0,NA,NA,NA,NA,45,"3,154,858",three
1,Control,PM,D1PMC6,"2,181","1,54","278,194",NA,40,0,NA,NA,NA,NA,60,"604,186",three
2,100ppb,AM,D2AM100E1,"2,275","1,461","28,166",NA,85,1,NA,NA,NA,NA,15,"123,367",three
2,100ppb,AM,D2AM100E2,"2,094","1,453","244,252",NA,100,0,NA,NA,NA,NA,0,"0,9376074",three
2,100ppb,AM,D2AM100E3,"2,15","1,476","24,768",NA,40,0,NA,NA,NA,NA,60,"604,186",three
2,100ppb,AM,D2AM100E4,"2,133","1,484","245,784",NA,70,1,NA,NA,NA,NA,30,"1,433,571",three
2,100ppb,AM,D2AM100E5,"2,325","1,587","3,259",NA,55,0,NA,NA,NA,NA,45,"3,154,858",three
2,100ppb,AM,D2AM100E6,"1,964","1,395","177,253",NA,25,0,NA,NA,NA,NA,75,"1,911,429",three
2,250ppb,AM2,D2AM2E1,"2,095","1,503","251,755",NA,85,0,NA,NA,NA,NA,15,"123,367",three
2,250ppb,AM2,D2AM2E2,"2,105","1,484","244,705",NA,100,0,NA,NA,NA,NA,0,"0,9376074",three
2,250ppb,AM2,D2AM2E3,"2,119","1,498","253,892",NA,70,0,NA,NA,NA,NA,30,"1,433,571",three
2,250ppb,AM2,D2AM2E4,"2,228","1,507","290,472",NA,40,1,NA,NA,NA,NA,60,"604,186",three
2,250ppb,AM2,D2AM2E5,"2,216","1,522","302,989",NA,25,0,NA,NA,NA,NA,75,"1,911,429",three
2,250ppb,AM2,D2AM2E6,"2,112","1,429","22,992",NA,55,0,NA,NA,NA,NA,45,"3,154,858",three
3,100ppb,AM,D3AM100E1,"2,229","1,473","290,432",NA,85,0,NA,NA,NA,NA,15,"123,367",three
3,100ppb,AM,D3AM100E2,"2,14","1,422","244,165",NA,100,0,NA,NA,NA,NA,0,"0,9376074",three
3,100ppb,AM,D3AM100E3,"2,097","1,453","25,406",NA,55,0,NA,NA,NA,NA,45,"3,154,858",three
3,100ppb,AM,D3AM100E4,"2,256","1,575","303,993",NA,70,0,NA,NA,NA,NA,30,"1,433,571",three
3,100ppb,AM,D3AM100E5,"2,167","1,447","266,482",NA,40,0,NA,NA,NA,NA,60,"604,186",three
3,100ppb,AM,D3AM100E6,"2,07","1,467","246,879",NA,25,0,NA,NA,NA,NA,75,"1,911,429",three
3,250ppb,AM2,D3AM2E1,"2,123","1,517","289,515",NA,70,0,NA,NA,NA,NA,30,"1,433,571",three
3,250ppb,AM2,D3AM2E2,"2,194","1,399","246,772",NA,40,0,NA,NA,NA,NA,60,"604,186",three
3,250ppb,AM2,D3AM2E3,"2,289","1,513","310,783",NA,100,0,NA,NA,NA,NA,0,"0,9376074",three
3,250ppb,AM2,D3AM2E4,2,"1,452","216,505",NA,55,0,NA,NA,NA,NA,45,"3,154,858",three
3,250ppb,AM2,D3AM2E5,"1,996","1,364","213,864",NA,25,0,NA,NA,NA,NA,75,"1,911,429",three
3,250ppb,AM2,D3AM2E6,"1,968","1,507","224,435",NA,85,0,NA,NA,NA,NA,15,"123,367",three
3,Control,PM,D3PMC1,"2,159","1,613","29,205",NA,55,0,NA,NA,NA,NA,45,"3,154,858",three
3,Control,PM,D3PMC2,"2,268","1,516","28,123",NA,100,1,NA,NA,NA,NA,0,"0,9376074",three
3,Control,PM,D3PMC3,"2,109","1,542","256,865",NA,70,0,NA,NA,NA,NA,30,"1,433,571",three
3,Control,PM,D3PMC4,"2,269","1,49","272,788",NA,85,1,NA,NA,NA,NA,15,"123,367",three
3,Control,PM,D3PMC5,"2,044","1,423","214,773",NA,40,0,NA,NA,NA,NA,60,"604,186",three
3,Control,PM,D3PMC6,"1,962","1,334","193,267",NA,25,0,NA,NA,NA,NA,75,"1,911,429",three
4,100ppb,AM,D4AM100E1,"1,922","1,397","18,716",NA,55,0,NA,NA,NA,NA,45,"3,154,858",three
4,100ppb,AM,D4AM100E2,"1,959","1,413","2,013",NA,25,0,NA,NA,NA,NA,75,"1,911,429",three
4,100ppb,AM,D4AM100E3,"2,111","1,576","269,264",NA,100,1,NA,NA,NA,NA,0,"0,9376074",three
4,100ppb,AM,D4AM100E4,"2,05","1,487","242,207",NA,85,0,NA,NA,NA,NA,15,"123,367",three
4,100ppb,AM,D4AM100E5,"2,305","1,467","242,208",NA,40,0,NA,NA,NA,NA,60,"604,186",three
4,100ppb,AM,D4AM100E6,"2,077","1,394","248,129",NA,70,0,NA,NA,NA,NA,30,"1,433,571",three
4,250ppb,AM2,D4AM2E1,"2,207","1,605","308,962",NA,40,0,NA,NA,NA,NA,60,"604,186",three
4,250ppb,AM2,D4AM2E2,"2,235","1,619","283,256",NA,55,0,NA,NA,NA,NA,45,"3,154,858",three
4,250ppb,AM2,D4AM2E3,"2,329","1,544","287,012",NA,70,0,NA,NA,NA,NA,30,"1,433,571",three
4,250ppb,AM2,D4AM2E4,"2,016","1,401","204,735",NA,100,0,NA,NA,NA,NA,0,"0,9376074",three
4,250ppb,AM2,D4AM2E5,"2,249","1,57","303,508",NA,85,0,NA,NA,NA,NA,15,"123,367",three
4,250ppb,AM2,D4AM2E6,"1,92","1,425","220,672",NA,25,0,NA,NA,NA,NA,75,"1,911,429",three
4,Control,PM,D4PMC1,"2,142","1,593","28,322",NA,100,1,NA,NA,NA,NA,0,"0,9376074",three
4,Control,PM,D4PMC2,"2,232","1,579","301,682",NA,85,0,NA,NA,NA,NA,15,"123,367",three
4,Control,PM,D4PMC3,"2,233","1,504","2,478",NA,55,0,NA,NA,NA,NA,45,"3,154,858",three
4,Control,PM,D4PMC4,"2,148","1,437","222,801",NA,40,0,NA,NA,NA,NA,60,"604,186",three
4,Control,PM,D4PMC5,"2,202","1,534","267,802",NA,25,0,NA,NA,NA,NA,75,"1,911,429",three
4,Control,PM,D4PMC6,"2,096","1,494","245,113",NA,70,0,NA,NA,NA,NA,30,"1,433,571",three
5,100ppb,AM,D5AM100E1,"1,962","1,457","244,266",NA,55,0,NA,NA,NA,NA,45,"3,154,858",three
5,100ppb,AM,D5AM100E2,"2,302","1,584","309,868",NA,40,0,NA,NA,NA,NA,60,"604,186",three
5,100ppb,AM,D5AM100E3,"2,121","1,479","242,344",NA,70,0,NA,NA,NA,NA,30,"1,433,571",three
5,100ppb,AM,D5AM100E4,"2,061","1,488","258,386",NA,85,1,NA,NA,NA,NA,15,"123,367",three
5,100ppb,AM,D5AM100E5,"2,05","1,425","229,928",NA,25,0,NA,NA,NA,NA,75,"1,911,429",three
5,100ppb,AM,D5AM100E6,"2,107","1,492","247,183",NA,100,1,NA,NA,NA,NA,0,"0,9376074",three
5,250ppb,AM2,D5AM2E1,"2,22","1,512","2,708,108",NA,100,0,NA,NA,NA,NA,0,"0,9376074",three
5,250ppb,AM2,D5AM2E2,"2,12","1,432","246,161",NA,40,0,NA,NA,NA,NA,60,"604,186",three
5,250ppb,AM2,D5AM2E3,"1,921","1,436","196,045",NA,55,0,NA,NA,NA,NA,45,"3,154,858",three
5,250ppb,AM2,D5AM2E4,"2,225","1,548","275,533",NA,70,0,NA,NA,NA,NA,30,"1,433,571",three
5,250ppb,AM2,D5AM2E5,"2,299","1,549","304,512",NA,25,0,NA,NA,NA,NA,75,"1,911,429",three
5,250ppb,AM2,D5AM2E6,"1,92","1,345","182,602",NA,85,0,NA,NA,NA,NA,15,"123,367",three
5,Control,PM,D5PMC1,"2,076","1,426","232,696",NA,25,0,NA,NA,NA,NA,75,"1,911,429",three
5,Control,PM,D5PMC2,"2,051","1,481","24,058",NA,85,1,NA,NA,NA,NA,15,"123,367",three
5,Control,PM,D5PMC3,"2,106","1,53","227,459",NA,55,1,NA,NA,NA,NA,45,"3,154,858",three
5,Control,PM,D5PMC4,"2,126","1,47","254,599",NA,100,1,NA,NA,NA,NA,0,"0,9376074",three
5,Control,PM,D5PMC5,"2,158","1,474","232,813",NA,40,0,NA,NA,NA,NA,60,"604,186",three
5,Control,PM,D5PMC6,"2,187","1,495","281,991",NA,70,0,NA,NA,NA,NA,30,"1,433,571",three
6,Control,PM,D6PMC1,"2,185","1,477","249,874",NA,25,0,NA,NA,NA,NA,75,"1,911,429",three
6,Control,PM,D6PMC2,"2,077","1,533","260,516",NA,100,0,NA,NA,NA,NA,0,"0,9376074",three
6,Control,PM,D6PMC3,"2,153","1,566","270,467",NA,55,1,NA,NA,NA,NA,45,"3,154,858",three
6,Control,PM,D6PMC4,"2,216","1,577","283,582",NA,40,0,NA,NA,NA,NA,60,"604,186",three
6,Control,PM,D6PMC5,"2,145","1,458","241,889",NA,70,0,NA,NA,NA,NA,30,"1,433,571",three
6,Control,PM,D6PMC6,"2,199","1,614","265,851",NA,85,1,NA,NA,NA,NA,15,"123,367",three
7,100ppb,AM,D7AM100E1,"2,089","1,511","248,174",NA,25,0,NA,NA,NA,NA,75,"1,911,429",three
7,100ppb,AM,D7AM100E2,"2,241","1,585","291,548",NA,55,0,NA,NA,NA,NA,45,"3,154,858",three
7,100ppb,AM,D7AM100E3,"2,126","1,436","256,338",NA,40,0,NA,NA,NA,NA,60,"604,186",three
7,100ppb,AM,D7AM100E4,"2,087","1,432","256,056",NA,100,0,NA,NA,NA,NA,0,"0,9376074",three
7,100ppb,AM,D7AM100E5,"2,067","1,487","244,996",NA,85,0,NA,NA,NA,NA,15,"123,367",three
7,100ppb,AM,D7AM100E6,"2,13","1,462","226,013",NA,70,0,NA,NA,NA,NA,30,"1,433,571",three
7,250ppb,AM2,D7AM2E1,"2,224","1,5","284,125",NA,55,0,NA,NA,NA,NA,45,"3,154,858",three
7,250ppb,AM2,D7AM2E2,"2,208","1,479","262,838",NA,85,0,NA,NA,NA,NA,15,"123,367",three
7,250ppb,AM2,D7AM2E3,"2,17","1,48","254,573",NA,25,0,NA,NA,NA,NA,75,"1,911,429",three
7,250ppb,AM2,D7AM2E4,"2,028","1,432","235,648",NA,100,0,NA,NA,NA,NA,0,"0,9376074",three
7,250ppb,AM2,D7AM2E5,"2,204","1,58","282,769",NA,40,0,NA,NA,NA,NA,60,"604,186",three
7,250ppb,AM2,D7AM2E6,"2,101","1,537","264,797",NA,70,0,NA,NA,NA,NA,30,"1,433,571",three
7,Control,PM,D7PMC1,"2,029","1,48","243,139",NA,25,0,NA,NA,NA,NA,75,"1,911,429",three
7,Control,PM,D7PMC2,"2,099","1,488","245,597",NA,85,1,NA,NA,NA,NA,15,"123,367",three
7,Control,PM,D7PMC3,"2,088","1,364","232,102",NA,100,1,NA,NA,NA,NA,0,"0,9376074",three
7,Control,PM,D7PMC4,"2,198","1,484","241,627",NA,55,0,NA,NA,NA,NA,45,"3,154,858",three
7,Control,PM,D7PMC5,"1,98","1,367","20,567",NA,40,0,NA,NA,NA,NA,60,"604,186",three
7,Control,PM,D7PMC6,"2,376","1,519","306,983",NA,70,0,NA,NA,NA,NA,30,"1,433,571",three
8,100ppb,AM,D8AM100E1,"2,09","1,41","250,028",NA,70,0,NA,NA,NA,NA,30,"1,433,571",three
8,100ppb,AM,D8AM100E2,"2,26","1,409","255,124",NA,25,0,NA,NA,NA,NA,75,"1,911,429",three
8,100ppb,AM,D8AM100E3,"2,257","1,523","300,808",NA,55,0,NA,NA,NA,NA,45,"3,154,858",three
8,100ppb,AM,D8AM100E4,"2,195","1,523","264,426",NA,100,1,NA,NA,NA,NA,0,"0,9376074",three
8,100ppb,AM,D8AM100E5,"2,056","1,51","272,765",NA,40,0,NA,NA,NA,NA,60,"604,186",three
8,100ppb,AM,D8AM100E6,"2,161","1,452","20,365",NA,85,0,NA,NA,NA,NA,15,"123,367",three
8,250ppb,AM2,D8AM2E1,"2,132","1,542","25,861",NA,100,0,NA,NA,NA,NA,0,"0,9376074",three
8,250ppb,AM2,D8AM2E2,"2,003","1,47","218,658",NA,40,0,NA,NA,NA,NA,60,"604,186",three
8,250ppb,AM2,D8AM2E3,"2,065","1,465","24,917",NA,85,0,NA,NA,NA,NA,15,"123,367",three
8,250ppb,AM2,D8AM2E4,"2,139","1,648","267,955",NA,55,0,NA,NA,NA,NA,45,"3,154,858",three
8,250ppb,AM2,D8AM2E5,"2,113","1,413","233,104",NA,70,0,NA,NA,NA,NA,30,"1,433,571",three
8,250ppb,AM2,D8AM2E6,"2,161","1,494","242,866",NA,25,0,NA,NA,NA,NA,75,"1,911,429",three
8,Control,PM,D8PMC1,"2,072","1,345","235,067",NA,85,1,NA,NA,NA,NA,15,"123,367",three
8,Control,PM,D8PMC2,"2,164","1,506","251,369",NA,25,0,NA,NA,NA,NA,75,"1,911,429",three
8,Control,PM,D8PMC3,"2,133","1,44","241,042",NA,55,0,NA,NA,NA,NA,45,"3,154,858",three
8,Control,PM,D8PMC4,"2,236","1,605","308,446",NA,70,1,NA,NA,NA,NA,30,"1,433,571",three
8,Control,PM,D8PMC5,"2,113","1,487","255,545",NA,40,0,NA,NA,NA,NA,60,"604,186",three
8,Control,PM,D8PMC6,"2,08","1,541","25,445",NA,100,1,NA,NA,NA,NA,0,"0,9376074",three
9,100ppb,AM,D9AM100E1,"2,09","1,41","25,005",NA,100,0,NA,NA,NA,NA,0,"0,9376074",three
9,100ppb,AM,D9AM100E2,"2,107","1,512","242,024",NA,55,0,NA,NA,NA,NA,45,"3,154,858",three
9,100ppb,AM,D9AM100E3,"1,988","1,479","213,964",NA,85,0,NA,NA,NA,NA,15,"123,367",three
9,100ppb,AM,D9AM100E4,"2,236","1,507","258,106",NA,25,0,NA,NA,NA,NA,75,"1,911,429",three
9,100ppb,AM,D9AM100E5,"2,102","1,459","246,935",NA,70,0,NA,NA,NA,NA,30,"1,433,571",three
9,100ppb,AM,D9AM100E6,"2,149","1,501","267,375",NA,40,0,NA,NA,NA,NA,60,"604,186",three
9,250ppb,AM2,D9AM2E1,"2,207","1,541","291,455",NA,85,1,NA,NA,NA,NA,15,"123,367",three
9,250ppb,AM2,D9AM2E2,"2,11","1,44","242,208",NA,25,0,NA,NA,NA,NA,75,"1,911,429",three
9,250ppb,AM2,D9AM2E3,"2,175","1,474","26,147",NA,55,0,NA,NA,NA,NA,45,"3,154,858",three
9,250ppb,AM2,D9AM2E4,"1,956","1,471","200,099",NA,70,0,NA,NA,NA,NA,30,"1,433,571",three
9,250ppb,AM2,D9AM2E5,"2,055","1,412","234,505",NA,40,0,NA,NA,NA,NA,60,"604,186",three
9,250ppb,AM2,D9AM2E6,"2,17","1,506","28,358",NA,100,1,NA,NA,NA,NA,0,"0,9376074",three
9,Control,PM,D9PMC1,"2,305","1,548","267,817",NA,70,0,NA,NA,NA,NA,30,"1,433,571",three
9,Control,PM,D9PMC2,"2,08","1,414","232,764",NA,25,0,NA,NA,NA,NA,75,"1,911,429",three
9,Control,PM,D9PMC3,"2,125","1,507","256,607",NA,40,0,NA,NA,NA,NA,60,"604,186",three
9,Control,PM,D9PMC4,"2,343","1,494","32,519",NA,55,0,NA,NA,NA,NA,45,"3,154,858",three
9,Control,PM,D9PMC5,"2,017","1,47","212,155",NA,85,1,NA,NA,NA,NA,15,"123,367",three
9,Control,PM,D9PMC6,"2,232","1,585","295,144",NA,100,1,NA,NA,NA,NA,0,"0,9376074",three
10,100ppb,AM,D10AM100E1,"2,174","1,422","23,602",NA,100,1,NA,NA,NA,NA,0,"0,9376074",three
10,100ppb,AM,D10AM100E2,"2,061","1,406","220,652",NA,70,0,NA,NA,NA,NA,30,"1,433,571",three
10,100ppb,AM,D10AM100E3,"1,971","1,438","2,243,113",NA,40,0,NA,NA,NA,NA,60,"604,186",three
10,100ppb,AM,D10AM100E4,"2,154","1,545","268,106",NA,55,0,NA,NA,NA,NA,45,"3,154,858",three
10,100ppb,AM,D10AM100E5,"2,094","1,573","239,789",NA,85,0,NA,NA,NA,NA,15,"123,367",three
10,100ppb,AM,D10AM100E6,"2,237","1,505","241,725",NA,25,0,NA,NA,NA,NA,75,"1,911,429",three
10,250ppb,AM2,D10AM2E1,"2,09","1,41","250,052",NA,40,0,NA,NA,NA,NA,60,"604,186",three
10,250ppb,AM2,D10AM2E2,"2,12","1,556","298,795",NA,85,0,NA,NA,NA,NA,15,"123,367",three
10,250ppb,AM2,D10AM2E3,"2,201","1,399","253,505",NA,25,0,NA,NA,NA,NA,75,"1,911,429",three
10,250ppb,AM2,D10AM2E4,"2,088","1,444","210,632",NA,100,1,NA,NA,NA,NA,0,"0,9376074",three
10,250ppb,AM2,D10AM2E5,"2,256","1,541","267,332",NA,55,0,NA,NA,NA,NA,45,"3,154,858",three
10,250ppb,AM2,D10AM2E6,"2,132","1,442","240,757",NA,70,0,NA,NA,NA,NA,30,"1,433,571",three
11,100ppb,AM,D11AM100E1,"2,177","1,556","267,621",NA,85,0,NA,NA,NA,NA,15,"123,367",three
11,100ppb,AM,D11AM100E2,"1,966","1,411","205,489",NA,25,0,NA,NA,NA,NA,75,"1,911,429",three
11,100ppb,AM,D11AM100E3,"2,087","1,57","257,489",NA,55,0,NA,NA,NA,NA,45,"3,154,858",three
11,100ppb,AM,D11AM100E4,"2,075","1,558","229,164",NA,70,0,NA,NA,NA,NA,30,"1,433,571",three
11,100ppb,AM,D11AM100E5,"2,116","1,482","25,506",NA,40,0,NA,NA,NA,NA,60,"604,186",three
11,100ppb,AM,D11AM100E6,"2,17","1,551","292,624",NA,100,1,NA,NA,NA,NA,0,"0,9376074",three
11,250ppb,AM2,D11AM2E1,"2,102","1,449","24,023",NA,55,0,NA,NA,NA,NA,45,"3,154,858",three
11,250ppb,AM2,D11AM2E2,"2,112","1,543","275,459",NA,100,0,NA,NA,NA,NA,0,"0,9376074",three
11,250ppb,AM2,D11AM2E3,"2,109","1,435","249,359",NA,85,0,NA,NA,NA,NA,15,"123,367",three
11,250ppb,AM2,D11AM2E4,"2,12","1,535","273,084",NA,70,0,NA,NA,NA,NA,30,"1,433,571",three
11,250ppb,AM2,D11AM2E5,"2,077","1,519","2,461",NA,25,0,NA,NA,NA,NA,75,"1,911,429",three
11,250ppb,AM2,D11AM2E6,"2,111","1,509","265,289",NA,40,0,NA,NA,NA,NA,60,"604,186",three
11,Control,PM,D11PMC1,"1,99","1,436","224,349",NA,100,1,NA,NA,NA,NA,0,"0,9376074",three
11,Control,PM,D11PMC2,"2,228","1,596","303,479",NA,70,0,NA,NA,NA,NA,30,"1,433,571",three
11,Control,PM,D11PMC3,"1,969","1,4","201,346",NA,40,0,NA,NA,NA,NA,60,"604,186",three
11,Control,PM,D11PMC4,"2,176","1,548","277,374",NA,55,0,NA,NA,NA,NA,45,"3,154,858",three
11,Control,PM,D11PMC5,"1,933","1,481","237,663",NA,25,0,NA,NA,NA,NA,75,"1,911,429",three
11,Control,PM,D11PMC6,"2,21","1,545","280,422",NA,85,0,NA,NA,NA,NA,15,"123,367",three
12,100ppb,AM,D12AM100E1,"2,183","1,565","266,423",NA,55,0,NA,NA,NA,NA,45,"3,154,858",three
12,100ppb,AM,D12AM100E2,"1,953","1,442","240,152",NA,70,1,NA,NA,NA,NA,30,"1,433,571",three
12,100ppb,AM,D12AM100E3,"2,221","1,625","284,512",NA,85,1,NA,NA,NA,NA,15,"123,367",three
12,100ppb,AM,D12AM100E4,"2,214","1,445","258,138",NA,100,1,NA,NA,NA,NA,0,"0,9376074",three
12,100ppb,AM,D12AM100E5,"2,178","1,613","274,257",NA,40,0,NA,NA,NA,NA,60,"604,186",three
12,100ppb,AM,D12AM100E6,"2,007","1,476","228,786",NA,25,0,NA,NA,NA,NA,75,"1,911,429",three
12,250ppb,AM2,D12AM2E1,"2,06","1,493","243,366",NA,55,0,NA,NA,NA,NA,45,"3,154,858",three
12,250ppb,AM2,D12AM2E2,"2,215","1,545","253,063",NA,85,0,NA,NA,NA,NA,15,"123,367",three
12,250ppb,AM2,D12AM2E3,"2,164","1,513","273,265",NA,100,0,NA,NA,NA,NA,0,"0,9376074",three
12,250ppb,AM2,D12AM2E4,"1,985","1,471","214,063",NA,40,0,NA,NA,NA,NA,60,"604,186",three
12,250ppb,AM2,D12AM2E5,"2,141","1,552","26,847",NA,25,0,NA,NA,NA,NA,75,"1,911,429",three
12,250ppb,AM2,D12AM2E6,"2,103","1,463","240,999",NA,70,0,NA,NA,NA,NA,30,"1,433,571",three
12,Control,PM,D12PMC1,"2,142","1,596","250,435",NA,85,0,NA,NA,NA,NA,15,"123,367",three
12,Control,PM,D12PMC2,"2,129","1,533","246,539",NA,40,0,NA,NA,NA,NA,60,"604,186",three
12,Control,PM,D12PMC3,"2,257","1,426","24,916",NA,55,0,NA,NA,NA,NA,45,"3,154,858",three
12,Control,PM,D12PMC4,"2,101","1,408","210,767",NA,25,0,NA,NA,NA,NA,75,"1,911,429",three
12,Control,PM,D12PMC5,"2,211","1,552","269,617",NA,70,0,NA,NA,NA,NA,30,"1,433,571",three
12,Control,PM,D12PMC6,"2,057","1,492","240,181",NA,100,1,NA,NA,NA,NA,0,"0,9376074",three
13,100ppb,AM,D13AM100E1,"2,116","1,436","247,959",NA,40,0,NA,NA,NA,NA,60,"604,186",three
13,100ppb,AM,D13AM100E2,"2,084","1,421","241,564",NA,55,0,NA,NA,NA,NA,45,"3,154,858",three
13,100ppb,AM,D13AM100E3,"2,119","1,37","217,912",NA,85,1,NA,NA,NA,NA,15,"123,367",three
13,100ppb,AM,D13AM100E4,"2,227","1,536","282,206",NA,100,1,NA,NA,NA,NA,0,"0,9376074",three
13,100ppb,AM,D13AM100E5,"2,127","1,575","27,632",NA,25,0,NA,NA,NA,NA,75,"1,911,429",three
13,100ppb,AM,D13AM100E6,"2,218","1,554","267,228",NA,70,0,NA,NA,NA,NA,30,"1,433,571",three
13,250ppb,AM2,D13AM2E1,"2,007","1,452","213,446",NA,55,0,NA,NA,NA,NA,45,"3,154,858",three
13,250ppb,AM2,D13AM2E2,"2,344","1,653","312,099",NA,85,0,NA,NA,NA,NA,15,"123,367",three
13,250ppb,AM2,D13AM2E3,"2,251","1,416","261,832",NA,70,0,NA,NA,NA,NA,30,"1,433,571",three
13,250ppb,AM2,D13AM2E4,"2,376","1,419","312,417",NA,40,0,NA,NA,NA,NA,60,"604,186",three
13,250ppb,AM2,D13AM2E5,"2,324","1,589","334,079",NA,100,0,NA,NA,NA,NA,0,"0,9376074",three
13,250ppb,AM2,D13AM2E6,"1,994","1,513","221,367",NA,25,0,NA,NA,NA,NA,75,"1,911,429",three
13,Control,PM,D13PMC1,"1,901","1,447","200,282",NA,55,1,NA,NA,NA,NA,45,"3,154,858",three
13,Control,PM,D13PMC2,"2,119","1,466","247,885",NA,70,0,NA,NA,NA,NA,30,"1,433,571",three
13,Control,PM,D13PMC3,"2,053","1,594","284,689",NA,85,1,NA,NA,NA,NA,15,"123,367",three
13,Control,PM,D13PMC4,"2,135","1,547","255,278",NA,25,0,NA,NA,NA,NA,75,"1,911,429",three
13,Control,PM,D13PMC5,"2,254","1,552","260,535",NA,100,1,NA,NA,NA,NA,0,"0,9376074",three
13,Control,PM,D13PMC6,"2,115","1,459","239,601",NA,40,0,NA,NA,NA,NA,60,"604,186",three
14,100ppb,AM,D14AM100E1,"2,25","1,513","2,778,907",NA,25,0,NA,NA,NA,NA,75,"1,911,429",three
14,100ppb,AM,D14AM100E2,"2,282","1,549","315,628",NA,40,0,NA,NA,NA,NA,60,"604,186",three
14,100ppb,AM,D14AM100E3,"2,239","1,513","305,101",NA,70,0,NA,NA,NA,NA,30,"1,433,571",three
14,100ppb,AM,D14AM100E4,"2,28","1,58","28,906",NA,100,1,NA,NA,NA,NA,0,"0,9376074",three
14,100ppb,AM,D14AM100E5,"2,117","1,63","264,632",NA,55,0,NA,NA,NA,NA,45,"3,154,858",three
14,100ppb,AM,D14AM100E6,"2,183","1,482","276,782",NA,85,1,NA,NA,NA,NA,15,"123,367",three
14,250ppb,AM2,D14AM2E1,"2,123","1,478","264,055",NA,55,0,NA,NA,NA,NA,45,"3,154,858",three
14,250ppb,AM2,D14AM2E2,"2,142","1,523","284,894",NA,70,0,NA,NA,NA,NA,30,"1,433,571",three
14,250ppb,AM2,D14AM2E3,"2,225","1,637","299,465",NA,85,0,NA,NA,NA,NA,15,"123,367",three
14,250ppb,AM2,D14AM2E4,"2,229","1,473","247,856",NA,40,0,NA,NA,NA,NA,60,"604,186",three
14,250ppb,AM2,D14AM2E5,"2,047","1,521","24,908",NA,25,0,NA,NA,NA,NA,75,"1,911,429",three
14,250ppb,AM2,D14AM2E6,"2,152","1,469","268,103",NA,100,0,NA,NA,NA,NA,0,"0,9376074",three
14,Control,PM,D14PMC1,"2,094","1,475","230,992",NA,70,1,NA,NA,NA,NA,30,"1,433,571",three
14,Control,PM,D14PMC2,"1,975","1,521","217,426",NA,40,0,NA,NA,NA,NA,60,"604,186",three
14,Control,PM,D14PMC3,"2,148","1,435","234,827",NA,100,1,NA,NA,NA,NA,0,"0,9376074",three
14,Control,PM,D14PMC4,"1,969","1,475","207,822",NA,25,0,NA,NA,NA,NA,75,"1,911,429",three
14,Control,PM,D14PMC5,"2,143","1,589","286,172",NA,85,0,NA,NA,NA,NA,15,"123,367",three
14,Control,PM,D14PMC6,"2,138","1,461","230,027",NA,55,1,NA,NA,NA,NA,45,"3,154,858",three
15,100ppb,AM,D15AM100E1,"2,178","1,489","271,666",NA,55,0,NA,NA,NA,NA,45,"3,154,858",three
15,100ppb,AM,D15AM100E2,"1,951","1,455","20,642",NA,25,0,NA,NA,NA,NA,75,"1,911,429",three
15,100ppb,AM,D15AM100E3,"2,11","1,464","248,642",NA,70,1,NA,NA,NA,NA,30,"1,433,571",three
15,100ppb,AM,D15AM100E4,"2,27","1,455","262,194",NA,100,1,NA,NA,NA,NA,0,"0,9376074",three
15,100ppb,AM,D15AM100E5,"2,147","1,565","277,568",NA,85,0,NA,NA,NA,NA,15,"123,367",three
15,100ppb,AM,D15AM100E6,"2,114","1,485","247,536",NA,40,0,NA,NA,NA,NA,60,"604,186",three
15,250ppb,AM2,D15AM2E1,"2,123","1,57","25,633",NA,100,0,NA,NA,NA,NA,0,"0,9376074",three
15,250ppb,AM2,D15AM2E2,"2,126","1,467","254,156",NA,85,0,NA,NA,NA,NA,15,"123,367",three
15,250ppb,AM2,D15AM2E3,"2,002","1,352","201,731",NA,70,0,NA,NA,NA,NA,30,"1,433,571",three
15,250ppb,AM2,D15AM2E4,"2,119","1,48","235,976",NA,55,0,NA,NA,NA,NA,45,"3,154,858",three
15,250ppb,AM2,D15AM2E5,"1,984","1,491","237,186",NA,40,0,NA,NA,NA,NA,60,"604,186",three
15,250ppb,AM2,D15AM2E6,"2,27","1,576","331,223",NA,25,0,NA,NA,NA,NA,75,"1,911,429",three
15,Control,PM,D15PMC1,"2,091","1,465","231,441",NA,85,1,NA,NA,NA,NA,15,"123,367",three
15,Control,PM,D15PMC2,"2,078","1,482","237,741",NA,40,0,NA,NA,NA,NA,60,"604,186",three
15,Control,PM,D15PMC3,"2,165","1,563","262,267",NA,70,0,NA,NA,NA,NA,30,"1,433,571",three
15,Control,PM,D15PMC4,"2,188","1,552","265,068",NA,25,0,NA,NA,NA,NA,75,"1,911,429",three
15,Control,PM,D15PMC5,"2,23","1,54","289,176",NA,55,0,NA,NA,NA,NA,45,"3,154,858",three
15,Control,PM,D15PMC6,"2,046","1,46","226,867",NA,100,1,NA,NA,NA,NA,0,"0,9376074",three
16,100ppb,AM,D16AM100E1,"2,091","1,49","257,135",NA,40,0,NA,NA,NA,NA,60,"604,186",three
16,100ppb,AM,D16AM100E2,"2,024","1,493","23,581",NA,100,1,NA,NA,NA,NA,0,"0,9376074",three
16,100ppb,AM,D16AM100E3,"2,159","1,474","255,624",NA,25,0,NA,NA,NA,NA,75,"1,911,429",three
16,100ppb,AM,D16AM100E4,"2,089","1,449","239,821",NA,85,0,NA,NA,NA,NA,15,"123,367",three
16,100ppb,AM,D16AM100E5,"2,105","1,436","215,584",NA,55,0,NA,NA,NA,NA,45,"3,154,858",three
16,100ppb,AM,D16AM100E6,"2,138","1,536","260,822",NA,70,0,NA,NA,NA,NA,30,"1,433,571",three
16,250ppb,AM2,D16AM2E1,"2,281","1,52","291,456",NA,25,0,NA,NA,NA,NA,75,"1,911,429",three
16,250ppb,AM2,D16AM2E2,"1,963","1,434","220,932",NA,85,0,NA,NA,NA,NA,15,"123,367",three
16,250ppb,AM2,D16AM2E3,"2,092","1,474","243,984",NA,55,0,NA,NA,NA,NA,45,"3,154,858",three
16,250ppb,AM2,D16AM2E4,"2,066","1,439","22,315",NA,70,0,NA,NA,NA,NA,30,"1,433,571",three
16,250ppb,AM2,D16AM2E5,"2,071","1,398","227,588",NA,40,0,NA,NA,NA,NA,60,"604,186",three
16,250ppb,AM2,D16AM2E6,"2,039","1,457","223,819",NA,100,1,NA,NA,NA,NA,0,"0,9376074",three
16,Control,PM,D16PMC1,"2,127","1,652","251,544",NA,100,1,NA,NA,NA,NA,0,"0,9376074",three
16,Control,PM,D16PMC2,"2,309","1,596","324,305",NA,85,1,NA,NA,NA,NA,15,"123,367",three
16,Control,PM,D16PMC3,"2,171","1,489","254,682",NA,40,0,NA,NA,NA,NA,60,"604,186",three
16,Control,PM,D16PMC4,"2,271","1,595","30,671",NA,55,0,NA,NA,NA,NA,45,"3,154,858",three
16,Control,PM,D16PMC5,"2,257","1,536","296,404",NA,70,1,NA,NA,NA,NA,30,"1,433,571",three
16,Control,PM,D16PMC6,"2,072","1,473","21,218",NA,25,0,NA,NA,NA,NA,75,"1,911,429",three
17,Control,PM,D17PMC1,"2,15","1,523","257,531",NA,55,0,NA,NA,NA,NA,45,"3,154,858",three
17,Control,PM,D17PMC2,"2,139","1,548","23,746",NA,85,1,NA,NA,NA,NA,15,"123,367",three
17,Control,PM,D17PMC3,"2,018","1,452","194,056",NA,70,0,NA,NA,NA,NA,30,"1,433,571",three
17,Control,PM,D17PMC4,"2,154","1,534","264,359",NA,25,0,NA,NA,NA,NA,75,"1,911,429",three
17,Control,PM,D17PMC5,"2,16","1,524","277,148",NA,100,1,NA,NA,NA,NA,0,"0,9376074",three
17,Control,PM,D17PMC6,"2,236","1,587","29,215",NA,40,0,NA,NA,NA,NA,60,"604,186",three
